formasi_id,ins_nm,jp_nama,formasi_nm,jabatan_nm,lokasi_nm,jumlah_formasi,disable,gaji_min,gaji_max,gaji_rata2,rentang_gaji
cdcc2e1f-8525-44cc-b9bf-d68d1f49f444,Badan Informasi Geospasial,CPNS,Umum,Pengembang Teknologi Pembelajaran Ahli Pertama,Badan Informasi Geospasial | Pusat Pengembangan Kompetensi Informasi Geospasial,1,1,5500000,7800000,6650000.0,2300000
5b4731bc-5706-4489-8d4f-47499424194d,Badan Intelijen Negara,CPNS,Umum,Penelaah Teknis Intelijen,Badan Intelijen Negara | Sekretariat Utama | Pusat Pendidikan Dan Pelatihan,16,0,3500000,7500000,5500000.0,4000000
afcd8c04-f615-441b-880c-06f6a9a03e24,Badan Intelijen Negara,CPNS,Umum,Penelaah Teknis Intelijen,Badan Intelijen Negara | Sekretariat Utama | Pusat Pendidikan Dan Pelatihan | Bidang Pendidikan,4,0,3500000,7500000,5500000.0,4000000
e8cc8845-2172-4749-8b9e-8d4455606fff,Badan Intelijen Negara,CPNS,Umum,Penelaah Teknis Intelijen,Badan Intelijen Negara | Sekolah Tinggi Intlijen Negara | Bagian Bidang Akademik | Sub Bagian Administrasi Bidang Akademik,4,0,3500000,7500000,5500000.0,4000000
8a028492914fb63b01914fe7bd9c490e,Badan Kepegawaian Negara,CPNS,Penyandang Disabilitas,Pengembang Teknologi Pembelajaran Ahli Pertama,Badan Kepegawaian Negara | Pusat Pengembangan Kepegawaian Aparatur Sipil Negara,1,1,7920850,8734850,8327850.0,814000
86d7eb0e-dfec-4c9f-8118-9f6bb294f7bc,Badan Kepegawaian Negara,CPNS,Umum,Pengembang Teknologi Pembelajaran Ahli Pertama,Badan Kepegawaian Negara | Pusat Pengembangan Kepegawaian Aparatur Sipil Negara,1,1,7920850,8734850,8327850.0,814000
8a01869291548667019154aeb5d91f5a,Badan Kependudukan dan Keluarga Berencana Nasional,CPNS,Umum,Penata Kependudukan Dan Keluarga Berencana Ahli Pertama,Perwakilan Bkkbn Provinsi Jawa Tengah,2,1,2785700,9024448,5905074.0,6238748
8a01869291548667019154b5e65c2775,Badan Kependudukan dan Keluarga Berencana Nasional,CPNS,Umum,Penata Kependudukan Dan Keluarga Berencana Ahli Pertama,Perwakilan Bkkbn Provinsi Jawa Timur,1,1,2785700,9024448,5905074.0,6238748
8a01869291548667019154bcc9fa2ff8,Badan Kependudukan dan Keluarga Berencana Nasional,CPNS,Umum,Penata Kependudukan Dan Keluarga Berencana Ahli Pertama,Perwakilan Bkkbn Provinsi Kalimantan Barat,3,1,2785700,9024448,5905074.0,6238748
8a01869291548667019154bd474f3089,Badan Kependudukan dan Keluarga Berencana Nasional,CPNS,Umum,Penata Kependudukan Dan Keluarga Berencana Ahli Pertama,Perwakilan Bkkbn Provinsi Sulawesi Tenggara,2,1,2785700,9024448,5905074.0,6238748
8a01869291548667019154c29cce3c27,Badan Kependudukan dan Keluarga Berencana Nasional,CPNS,Umum,Penata Kependudukan Dan Keluarga Berencana Ahli Pertama,Perwakilan Bkkbn Provinsi Kalimantan Selatan,2,1,2785700,9024448,5905074.0,6238748
8a01869291548667019154c52e9b3faf,Badan Kependudukan dan Keluarga Berencana Nasional,CPNS,Umum,Penata Kependudukan Dan Keluarga Berencana Ahli Pertama,Perwakilan Bkkbn Provinsi Sulawesi Tengah,2,1,2785700,9024448,5905074.0,6238748
8a01869291548667019154c83fad4516,Badan Kependudukan dan Keluarga Berencana Nasional,CPNS,Umum,Penata Kependudukan Dan Keluarga Berencana Ahli Pertama,Perwakilan Bkkbn Provinsi Kalimantan Tengah,2,1,2785700,9024448,5905074.0,6238748
8a01869291548667019154d0423a558d,Badan Kependudukan dan Keluarga Berencana Nasional,CPNS,Umum,Penata Kependudukan Dan Keluarga Berencana Ahli Pertama,Perwakilan Bkkbn Provinsi Sulawesi Selatan,1,1,2785700,9024448,5905074.0,6238748
8a01869291548667019154de4c867046,Badan Kependudukan dan Keluarga Berencana Nasional,CPNS,Umum,Penata Kependudukan Dan Keluarga Berencana Ahli Pertama,Perwakilan Bkkbn Provinsi Kalimantan Timur,2,1,2785700,9024448,5905074.0,6238748
8a01869291548667019154e1e6d376ff,Badan Kependudukan dan Keluarga Berencana Nasional,CPNS,Umum,Penata Kependudukan Dan Keluarga Berencana Ahli Pertama,Perwakilan Bkkbn Provinsi Sulawesi Barat,1,1,2785700,9024448,5905074.0,6238748
8a01869291548667019154e59f5d7dcb,Badan Kependudukan dan Keluarga Berencana Nasional,CPNS,Umum,Penata Kependudukan Dan Keluarga Berencana Ahli Pertama,Perwakilan Bkkbn Provinsi Kepulauan Bangka Belitung,3,1,2785700,9024448,5905074.0,6238748
8a01869291548667019154e7c20301db,Badan Kependudukan dan Keluarga Berencana Nasional,CPNS,Umum,Penata Kependudukan Dan Keluarga Berencana Ahli Pertama,Perwakilan Bkkbn Provinsi Riau,1,1,2785700,9024448,5905074.0,6238748
8a01869291548667019154ebbeda0bf1,Badan Kependudukan dan Keluarga Berencana Nasional,CPNS,Umum,Penata Kependudukan Dan Keluarga Berencana Ahli Pertama,Perwakilan Bkkbn Provinsi Kepulauan Riau,3,1,2785700,9024448,5905074.0,6238748
8a01869291548667019154ee8d25115e,Badan Kependudukan dan Keluarga Berencana Nasional,CPNS,Umum,Penata Kependudukan Dan Keluarga Berencana Ahli Pertama,Perwakilan Bkkbn Provinsi Papua Barat,3,1,2785700,9024448,5905074.0,6238748
8a01869291548667019154f5a5a11c41,Badan Kependudukan dan Keluarga Berencana Nasional,CPNS,Umum,Penata Kependudukan Dan Keluarga Berencana Ahli Pertama,Perwakilan Bkkbn Provinsi Lampung,2,1,2785700,9024448,5905074.0,6238748
8a01869291548667019154f6f2751e0b,Badan Kependudukan dan Keluarga Berencana Nasional,CPNS,Umum,Penata Kependudukan Dan Keluarga Berencana Ahli Pertama,Perwakilan Bkkbn Provinsi Papua,3,1,2785700,9024448,5905074.0,6238748
8a01869291548667019154fa84df2446,Badan Kependudukan dan Keluarga Berencana Nasional,CPNS,Umum,Penata Kependudukan Dan Keluarga Berencana Ahli Pertama,Perwakilan Bkkbn Provinsi Maluku,3,1,2785700,9024448,5905074.0,6238748
8a018692915486670191550026e82ebb,Badan Kependudukan dan Keluarga Berencana Nasional,CPNS,Umum,Penata Kependudukan Dan Keluarga Berencana Ahli Pertama,Perwakilan Bkkbn Provinsi Nusa Tenggara Timur,3,1,2785700,9024448,5905074.0,6238748
8a0186929154866701915500c3742fdd,Badan Kependudukan dan Keluarga Berencana Nasional,CPNS,Umum,Penata Kependudukan Dan Keluarga Berencana Ahli Pertama,Perwakilan Bkkbn Provinsi Maluku Utara,3,1,2785700,9024448,5905074.0,6238748
8a0186929154866701915505c9873935,Badan Kependudukan dan Keluarga Berencana Nasional,CPNS,Umum,Penata Kependudukan Dan Keluarga Berencana Ahli Pertama,Perwakilan Bkkbn Provinsi Nusa Tenggara Barat,2,1,2785700,9024448,5905074.0,6238748
8a0186929154866701915548f57d7e3a,Badan Kependudukan dan Keluarga Berencana Nasional,CPNS,Penyandang Disabilitas,Penata Kependudukan Dan Keluarga Berencana Ahli Pertama,Perwakilan Bkkbn Provinsi Jawa Tengah,1,1,2785700,9024448,5905074.0,6238748
8a01869291548667019155495d7a7f8b,Badan Kependudukan dan Keluarga Berencana Nasional,CPNS,Penyandang Disabilitas,Penata Kependudukan Dan Keluarga Berencana Ahli Pertama,Perwakilan Bkkbn Provinsi Sumatera Barat,1,1,2785700,9024448,5905074.0,6238748
8a0186929154866701915549ea7a0201,Badan Kependudukan dan Keluarga Berencana Nasional,CPNS,Penyandang Disabilitas,Penata Kependudukan Dan Keluarga Berencana Ahli Pertama,Perwakilan Bkkbn Provinsi Kalimantan Timur,1,1,2785700,9024448,5905074.0,6238748
8a018692915486670191554a7aa8046e,Badan Kependudukan dan Keluarga Berencana Nasional,CPNS,Penyandang Disabilitas,Penata Kependudukan Dan Keluarga Berencana Ahli Pertama,Perwakilan Bkkbn Provinsi D.I Yogyakarta,1,1,2785700,9024448,5905074.0,6238748
8a018692915486670191554ad7f7060c,Badan Kependudukan dan Keluarga Berencana Nasional,CPNS,Penyandang Disabilitas,Penata Kependudukan Dan Keluarga Berencana Ahli Pertama,Perwakilan Bkkbn Provinsi Bengkulu,1,1,2785700,9024448,5905074.0,6238748
8a018692915486670191554b2b180728,Badan Kependudukan dan Keluarga Berencana Nasional,CPNS,Penyandang Disabilitas,Penata Kependudukan Dan Keluarga Berencana Ahli Pertama,Perwakilan Bkkbn Provinsi Sulawesi Tenggara,1,1,2785700,9024448,5905074.0,6238748
8a018692915486670191554b799a089c,Badan Kependudukan dan Keluarga Berencana Nasional,CPNS,Penyandang Disabilitas,Penata Kependudukan Dan Keluarga Berencana Ahli Pertama,Perwakilan Bkkbn Provinsi Sulawesi Tengah,1,1,2785700,9024448,5905074.0,6238748
8a018692915486670191554be6480a42,Badan Kependudukan dan Keluarga Berencana Nasional,CPNS,Penyandang Disabilitas,Penata Kependudukan Dan Keluarga Berencana Ahli Pertama,Perwakilan Bkkbn Provinsi Jambi,1,1,2785700,9024448,5905074.0,6238748
8a018692915486670191554c35db0bc0,Badan Kependudukan dan Keluarga Berencana Nasional,CPNS,Penyandang Disabilitas,Penata Kependudukan Dan Keluarga Berencana Ahli Pertama,Perwakilan Bkkbn Provinsi Nusa Tenggara Barat,1,1,2785700,9024448,5905074.0,6238748
8a018692915486670191554c84530d34,Badan Kependudukan dan Keluarga Berencana Nasional,CPNS,Penyandang Disabilitas,Penata Kependudukan Dan Keluarga Berencana Ahli Pertama,Perwakilan Bkkbn Provinsi Jawa Barat,1,1,2785700,9024448,5905074.0,6238748
8a018692915486670191554cd5db0e90,Badan Kependudukan dan Keluarga Berencana Nasional,CPNS,Penyandang Disabilitas,Penata Kependudukan Dan Keluarga Berencana Ahli Pertama,Perwakilan Bkkbn Provinsi Bali,1,1,2785700,9024448,5905074.0,6238748
8a018692915486670191554d4b7610a2,Badan Kependudukan dan Keluarga Berencana Nasional,CPNS,Penyandang Disabilitas,Penata Kependudukan Dan Keluarga Berencana Ahli Pertama,Perwakilan Bkkbn Provinsi Sulawesi Utara,1,1,2785700,9024448,5905074.0,6238748
8a018692915486670191554dbfde1252,Badan Kependudukan dan Keluarga Berencana Nasional,CPNS,Penyandang Disabilitas,Penata Kependudukan Dan Keluarga Berencana Ahli Pertama,Perwakilan Bkkbn Provinsi Lampung,1,1,2785700,9024448,5905074.0,6238748
8a018692915486670191554dfff913bd,Badan Kependudukan dan Keluarga Berencana Nasional,CPNS,Penyandang Disabilitas,Penata Kependudukan Dan Keluarga Berencana Ahli Pertama,Perwakilan Bkkbn Provinsi Banten,1,1,2785700,9024448,5905074.0,6238748
8a018692915486670191554f72881562,Badan Kependudukan dan Keluarga Berencana Nasional,CPNS,Penyandang Disabilitas,Penata Kependudukan Dan Keluarga Berencana Ahli Pertama,Perwakilan Bkkbn Provinsi Sulawesi Selatan,1,1,2785700,9024448,5905074.0,6238748
8a018692915486670191554fc29a164c,Badan Kependudukan dan Keluarga Berencana Nasional,CPNS,Penyandang Disabilitas,Penata Kependudukan Dan Keluarga Berencana Ahli Pertama,Perwakilan Bkkbn Provinsi Sumatera Utara,1,1,2785700,9024448,5905074.0,6238748
8a03849f914ed85101914fa815007eac,Badan Kependudukan dan Keluarga Berencana Nasional,CPNS,Umum,Penata Kependudukan Dan Keluarga Berencana Ahli Pertama,Bkkbn Pusat,23,1,2785700,9024448,5905074.0,6238748
8a0384b4915028740191514d495b3cb3,Badan Kependudukan dan Keluarga Berencana Nasional,CPNS,Umum,Penata Kependudukan Dan Keluarga Berencana Ahli Pertama,Perwakilan Bkkbn Provinsi Aceh,1,1,2785700,9024448,5905074.0,6238748
8a0384b4915028740191515589183dc6,Badan Kependudukan dan Keluarga Berencana Nasional,CPNS,Umum,Penata Kependudukan Dan Keluarga Berencana Ahli Pertama,Perwakilan Bkkbn Provinsi Bali,2,1,2785700,9024448,5905074.0,6238748
8a0384b49150287401915396c1426822,Badan Kependudukan dan Keluarga Berencana Nasional,CPNS,Umum,Penata Kependudukan Dan Keluarga Berencana Ahli Pertama,Perwakilan Bkkbn Provinsi Banten,2,1,2785700,9024448,5905074.0,6238748
8a0384b491502874019153bfe1db07c8,Badan Kependudukan dan Keluarga Berencana Nasional,CPNS,Umum,Penata Kependudukan Dan Keluarga Berencana Ahli Pertama,Perwakilan Bkkbn Provinsi Bengkulu,2,1,2785700,9024448,5905074.0,6238748
8a0384b491502874019153c763850eb3,Badan Kependudukan dan Keluarga Berencana Nasional,CPNS,Umum,Penata Kependudukan Dan Keluarga Berencana Ahli Pertama,Perwakilan Bkkbn Provinsi D.I Yogyakarta,2,1,2785700,9024448,5905074.0,6238748
8a0384b491502874019153e2d6701a7a,Badan Kependudukan dan Keluarga Berencana Nasional,CPNS,Umum,Penata Kependudukan Dan Keluarga Berencana Ahli Pertama,Perwakilan Bkkbn Provinsi Gorontalo,1,1,2785700,9024448,5905074.0,6238748
8a0384b49150287401915417932730c9,Badan Kependudukan dan Keluarga Berencana Nasional,CPNS,Umum,Penata Kependudukan Dan Keluarga Berencana Ahli Pertama,Perwakilan Bkkbn Provinsi Jambi,2,1,2785700,9024448,5905074.0,6238748
8a0384b4915028740191542557c53a3f,Badan Kependudukan dan Keluarga Berencana Nasional,CPNS,Umum,Penata Kependudukan Dan Keluarga Berencana Ahli Pertama,Perwakilan Bkkbn Provinsi Jawa Barat,2,1,2785700,9024448,5905074.0,6238748
8a0384b4915028740191542f15374326,Badan Kependudukan dan Keluarga Berencana Nasional,CPNS,Umum,Penata Kependudukan Dan Keluarga Berencana Ahli Pertama,Perwakilan Bkkbn Provinsi Sumatera Utara,2,1,2785700,9024448,5905074.0,6238748
8a0384b49150287401915437d21e4d3a,Badan Kependudukan dan Keluarga Berencana Nasional,CPNS,Umum,Penata Kependudukan Dan Keluarga Berencana Ahli Pertama,Perwakilan Bkkbn Provinsi Sumatera Selatan,1,1,2785700,9024448,5905074.0,6238748
8a0384b4915028740191543ec24d5473,Badan Kependudukan dan Keluarga Berencana Nasional,CPNS,Umum,Penata Kependudukan Dan Keluarga Berencana Ahli Pertama,Perwakilan Bkkbn Provinsi Sumatera Barat,2,1,2785700,9024448,5905074.0,6238748
8a0384b491502874019154479eb56161,Badan Kependudukan dan Keluarga Berencana Nasional,CPNS,Umum,Penata Kependudukan Dan Keluarga Berencana Ahli Pertama,Perwakilan Bkkbn Provinsi Sulawesi Utara,2,1,2785700,9024448,5905074.0,6238748
9a34077f-440d-4e20-9e69-792049fb3033,"Badan Meteorologi, Klimatologi dan Geofisika",CPNS,Umum,Pengembang Teknologi Pembelajaran Ahli Pertama,Badan Meteorologi Klimatologi Dan Geofisika | Pusat Pendidikan Dan Pelatihan,1,0,5500000,8500000,7000000.0,3000000
088c3cac-c8c5-4775-b322-21dfcfdbcdd2,Badan Pelindungan Pekerja Migran Indonesia,CPNS,Umum,Analis Kebijakan Ahli Pertama,Badan Pelindungan Pekerja Migran Indonesia | Deputi Bidang Penempatan Dan Pelindungan Kawasan Eropa Dan Timur Tengah | Direktorat Sistem Dan Strategi Penempatan Dan Pelindungan Kawasan Eropa Dan Timur Tengah,2,1,6862100,7746358,7304229.0,884258
7980e585-a33e-4fb1-9fcc-bff894a56310,Badan Pelindungan Pekerja Migran Indonesia,CPNS,Umum,Analis Kebijakan Ahli Pertama,Badan Pelindungan Pekerja Migran Indonesia | Deputi Bidang Penempatan Dan Pelindungan Kawasan Asia Dan Afrika | Direktorat Sistem Dan Strategi Penempatan Dan Pelindungan Kawasan Asia Dan Afrika,1,1,6862100,7746358,7304229.0,884258
06eedcaf-adfc-4021-a3bd-07996cf72349,Badan Pelindungan Pekerja Migran Indonesia,CPNS,Umum,Arsiparis Ahli Pertama,Badan Pelindungan Pekerja Migran Indonesia | Balai Pelayanan Pelindungan Pekerja Migran Indonesia Dki Jakarta,1,1,6862100,7726358,7294229.0,864258
1d81f097-cb0a-4a40-9b51-7ceb159938a1,Badan Pelindungan Pekerja Migran Indonesia,CPNS,Umum,Arsiparis Ahli Pertama,Badan Pelindungan Pekerja Migran Indonesia | Balai Pelayanan Pelindungan Pekerja Migran Indonesia Kepulauan Riau,2,1,6862100,7726358,7294229.0,864258
2b69b7c4-72d4-40bd-9a2c-e4967656f7e3,Badan Pelindungan Pekerja Migran Indonesia,CPNS,Umum,Arsiparis Ahli Pertama,Badan Pelindungan Pekerja Migran Indonesia | Pusat Pengembangan Sumber Daya Manusia,1,1,6862100,7726358,7294229.0,864258
af5dc60d-2c19-46b1-9b94-d55d9b71d840,Badan Pelindungan Pekerja Migran Indonesia,CPNS,Umum,Arsiparis Ahli Pertama,Badan Pelindungan Pekerja Migran Indonesia | Balai Pelayanan Pelindungan Pekerja Migran Indonesia Sumatera Selatan,1,1,6862100,7746358,7304229.0,884258
c2217cf9-f7a1-40b0-8658-d2b4501e6fd8,Badan Pelindungan Pekerja Migran Indonesia,CPNS,Umum,Arsiparis Ahli Pertama,Badan Pelindungan Pekerja Migran Indonesia | Balai Pelayanan Pelindungan Pekerja Migran Indonesia Jawa Tengah,1,1,6862100,7726358,7294229.0,864258
d0a93fee-65aa-4aaf-b60a-1e81632ac23c,Badan Pelindungan Pekerja Migran Indonesia,CPNS,Umum,Arsiparis Ahli Pertama,Badan Pelindungan Pekerja Migran Indonesia | Balai Pelayanan Pelindungan Pekerja Migran Indonesia Sulawesi Utara,1,1,6862100,7726358,7294229.0,864258
d8146961-5dc3-4766-8227-727c09976fd5,Badan Pelindungan Pekerja Migran Indonesia,CPNS,Umum,Arsiparis Ahli Pertama,Badan Pelindungan Pekerja Migran Indonesia | Balai Pelayanan Pelindungan Pekerja Migran Indonesia Sulawesi Selatan,1,1,6862100,7726358,7294229.0,864258
fad7430a-4e30-48ab-9f7f-507c30381f4b,Badan Pelindungan Pekerja Migran Indonesia,CPNS,Umum,Pengembang Teknologi Pembelajaran Ahli Pertama,Badan Pelindungan Pekerja Migran Indonesia | Pusat Pengembangan Sumber Daya Manusia,2,1,6862100,7746358,7304229.0,884258
8a0186c991593869019159454c630bd4,Badan Pengawas Obat dan Makanan ,CPNS,Umum,Analis Pengembangan Kompetensi Asn Ahli Pertama,Wilayah Rekrutmen Zona 1,1,1,6240000,10000000,8120000.0,3760000
8a0186cd915aa77f01915ad76d563918,Badan Pengawas Obat dan Makanan ,CPNS,Penyandang Disabilitas,Analis Pengembangan Kompetensi Asn Ahli Pertama,Wilayah Rekrutmen Zona 1,1,1,6240000,10000000,8120000.0,3760000
8a0186cc9159ace5019159f0793c2342,Badan Pengawas Pemilihan Umum,CPNS,Lulusan Terbaik,Pengembang Teknologi Pembelajaran Ahli Pertama,Badan Pengawas Pemilihan Umum | Sekretariat Jenderal | Pusat Penelitian Pengembangan Pendidikan Dan Pelatihan,1,0,6677120,7061518,6869319.0,384398
354939de-5dcb-4ce0-bb0e-a5dbe3406f9d,Badan Pengawas Pemilihan Umum,CPNS,Umum,Pengembang Teknologi Pembelajaran Ahli Pertama,Badan Pengawas Pemilihan Umum | Sekretariat Jenderal | Pusat Penelitian Pengembangan Pendidikan Dan Pelatihan,2,0,6677120,7061518,6869319.0,384398
0c3fb1f2-c2ab-4590-af0d-835e9e0c4c12,Kementerian Dalam Negeri,CPNS,Umum,Analis Pengembangan Kompetensi Asn Ahli Pertama,Kementerian Dalam Negeri | Badan Pengembangan Sumber Daya Manusia | Pusat Pengembangan Sumber Daya Manusia Regional Yogyakarta,1,1,9000000,17000000,13000000.0,8000000
8a0384c7915b4c4c01915de6b3f510df,Kementerian Dalam Negeri,CPNS,Putra/Putri Papua Dan Papua Barat,Pengembang Teknologi Pembelajaran Ahli Pertama,"Kementerian Dalam Negeri | Institut Pemerintahan Dalam Negeri | Ipdn Kampus Papua | Bagian Administrasi Umum Dan Sistem Informasi | Subbagian Perlengkapan, Rumah Tangga, Dan Sistem Informasi",1,1,10000000,17000000,13500000.0,7000000
b38c3d53-b299-4d51-964d-62a8125d5d1d,Kementerian Dalam Negeri,CPNS,Umum,Pengembang Teknologi Pembelajaran Ahli Pertama,"Kementerian Dalam Negeri | Institut Pemerintahan Dalam Negeri | Ipdn Kampus Papua | Bagian Administrasi Umum Dan Sistem Informasi | Subbagian Perlengkapan, Rumah Tangga, Dan Sistem Informasi",1,1,10000000,17000000,13500000.0,7000000
01df9834-ab14-4208-8a71-e8b49d609511,Kementerian Energi dan Sumber Daya Mineral,CPNS,Umum,Pengembang Teknologi Pembelajaran Ahli Pertama,Kementerian Energi Dan Sumber Daya Mineral | Badan Pengembangan Sumber Daya Manusia Energi Dan Sumber Daya Mineral | Sekretariat Badan Pengembangan Sumber Daya Manusia Energi Dan Sumber Daya Mineral | Balai Pendidikan Dan Pelatihan Tambang Bawah Tanah,1,1,8700000,9300000,9000000.0,600000
8a0186ce915e61b701915f2086ce34ba,Kementerian Investasi/Badan Koordinasi Penanaman Modal,CPNS,Penyandang Disabilitas,Pengembang Teknologi Pembelajaran Ahli Pertama,Kementerian Investasi/Badan Koordinasi Penanaman Modal | Pusat Pendidikan Dan Pelatihan,1,1,8000000,8500000,8250000.0,500000
069a82b0-e7ff-4d95-9f3b-29efd7b4481b,Kementerian Investasi/Badan Koordinasi Penanaman Modal,CPNS,Umum,Pengembang Teknologi Pembelajaran Ahli Pertama,Kementerian Investasi/Badan Koordinasi Penanaman Modal | Pusat Pendidikan Dan Pelatihan,1,1,8000000,8500000,8250000.0,500000
8a01869291548667019155386a4764e0,Kementerian Kesehatan,CPNS,Putra/Putri Kalimantan,Analis Kebijakan Ahli Pertama,Kementerian Kesehatan | Direktorat Jenderal Tenaga Kesehatan | Direktorat Peningkatan Mutu Tenaga Kesehatan,1,1,5000000,7000000,6000000.0,2000000
7c43c8a3-c083-4f43-85a6-b64f966d1657,Kementerian Kesehatan,CPNS,Umum,Analis Kebijakan Ahli Pertama,Kementerian Kesehatan | Direktorat Jenderal Tenaga Kesehatan | Direktorat Peningkatan Mutu Tenaga Kesehatan,1,1,5000000,7000000,6000000.0,2000000
13f47c7c-32d4-4098-83a7-27b18afed5e0,Kementerian Kesehatan,CPNS,Umum,Pengembang Teknologi Pembelajaran Ahli Pertama,Kementerian Kesehatan | Direktorat Jenderal Tenaga Kesehatan | Balai Besar Pelatihan Kesehatan Jakarta,1,1,7000000,10000000,8500000.0,3000000
61810193-3ce2-41d7-8e7f-197189a43537,Kementerian Kesehatan,CPNS,Umum,Pengembang Teknologi Pembelajaran Ahli Pertama,Kementerian Kesehatan | Direktorat Jenderal Tenaga Kesehatan | Poltekkes Kemenkes Tanjungpinang | Pusat Penjaminan Mutu Dan Pengembangan Pendidikan,1,1,5000000,7000000,6000000.0,2000000
cf474d70-d5e0-46c7-8c68-16f674f59157,Kementerian Kesehatan,CPNS,Umum,Pengembang Teknologi Pembelajaran Ahli Pertama,Kementerian Kesehatan | Direktorat Jenderal Tenaga Kesehatan | Poltekkes Kemenkes Bandung | Pusat Pengembangan Pendidikan,1,1,7500000,8700000,8100000.0,1200000
e3bc3cd4-a058-40cf-a8dc-a3e5e7fe9674,Kementerian Kesehatan,CPNS,Umum,Pengembang Teknologi Pembelajaran Ahli Pertama,Kementerian Kesehatan | Direktorat Jenderal Tenaga Kesehatan | Poltekkes Kemenkes Kalimantan Timur | Pusat Pengembangan Pendidikan,2,1,5000000,7000000,6000000.0,2000000
008994ea-65e9-4020-942a-bbd277b4800e,Kementerian Ketenagakerjaan,CPNS,Umum,Analis Pengembangan Kompetensi Asn Ahli Pertama,Kementerian Ketenagakerjaan | Sekretariat Jenderal | Biro Organisasi Dan Sumber Daya Manusia Aparatur,1,0,7000000,8500000,7750000.0,1500000
11a6bfc6-9168-41b5-98dc-f943a4fe470f,Kementerian Ketenagakerjaan,CPNS,Umum,Analis Pengembangan Kompetensi Asn Ahli Pertama,Kementerian Ketenagakerjaan | Direktorat Jenderal Pembinaan Pelatihan Vokasi Dan Produktivitas | Direktorat Bina Instruktur Dan Tenaga Pelatihan,2,0,7000000,8500000,7750000.0,1500000
96259f61-b562-4e0f-9da2-25063ff2ed7c,Kementerian Ketenagakerjaan,CPNS,Umum,Analis Pengembangan Kompetensi Asn Ahli Pertama,Kementerian Ketenagakerjaan | Direktorat Jenderal Pembinaan Hubungan Industrial Dan Jaminan Sosial Tenaga Kerja | Direktorat Bina Mediator Hubungan Industrial,2,0,7000000,8500000,7750000.0,1500000
d48d45e5-c269-4c5d-948b-77c9faf52d96,Kementerian Ketenagakerjaan,CPNS,Umum,Analis Pengembangan Kompetensi Asn Ahli Pertama,Kementerian Ketenagakerjaan | Direktorat Jenderal Pembinaan Pengawasan Ketenagakerjaan Dan Keselamatan Dan Kesehatan Kerja | Direktorat Bina Pengawas Ketenagakerjaan Dan Penguji Keselamatan Dan Kesehatan Kerja,2,0,7000000,8500000,7750000.0,1500000
e2e9de00-347d-4cdb-8ea0-81d6812e899e,Kementerian Ketenagakerjaan,CPNS,Umum,Analis Pengembangan Kompetensi Asn Ahli Pertama,Kementerian Ketenagakerjaan | Direktorat Jenderal Pembinaan Penempatan Tenaga Kerja Dan Perluasan Kesempatan Kerja | Direktorat Bina Pengantar Kerja,2,0,7000000,8500000,7750000.0,1500000
db08c718-5e81-4f80-8b91-b03fcea8d52f,Kementerian Komunikasi dan Informatika,CPNS,Umum,Instruktur Ahli Pertama,Kementerian Komunikasi Dan Informatika | Badan Penelitian Dan Pengembangan Sumber Daya Manusia | Balai Pengembangan Sumber Daya Manusia Dan Penelitian Komunikasi Dan Informatika Banjarmasin,3,0,6500000,7200000,6850000.0,700000
08d0213b-be77-43ea-ac84-7d75d06ebb73,Kementerian Komunikasi dan Informatika,CPNS,Umum,Penata Kelola Sistem Dan Teknologi Informasi,Lembaga Penyiaran Publik Radio Republik Indonesia | Direktur Utama Lpp Rri | Direktorat Teknologi Dan Media Baru,4,1,5000000,5401700,5200850.0,401700
316cabfc-1f0e-45e3-8959-3e6554de9a98,Kementerian Komunikasi dan Informatika,CPNS,Umum,Pengembang Teknologi Pembelajaran Ahli Pertama,"Kementerian Komunikasi Dan Informatika | Badan Penelitian Dan Pengembangan Sumber Daya Manusia | Pusat Penelitian Dan Pengembangan Sumber Daya, Perangkat Dan Penyelenggaraan Pos Dan Informatika",1,0,6500000,7200000,6850000.0,700000
422f4833-5fba-4d1e-9851-57315c14fba0,Kementerian Komunikasi dan Informatika,CPNS,Umum,Pranata Hubungan Masyarakat Ahli Pertama,Lembaga Penyiaran Publik Radio Republik Indonesia | Direktur Utama Lpp Rri | Direktorat Layanan Dan Pengembangan Usaha,5,1,5000000,5712700,5356350.0,712700
8a0384ba915598f4019155f5892e3abf,Kementerian Koperasi dan Usaha Kecil dan Menengah,CPNS,Putra/Putri Kalimantan,Arsiparis Ahli Pertama,Kementerian Koperasi Dan Usaha Kecil Dan Menengah | Sekretariat Kementerian Koperasi Dan Usaha Kecil Dan Menengah | Biro Umum Dan Keuangan,1,0,6624700,9690350,8157525.0,3065650
23bd288e-a8ad-4718-8874-08518d1d411f,Kementerian Koperasi dan Usaha Kecil dan Menengah,CPNS,Umum,Arsiparis Ahli Pertama,Kementerian Koperasi Dan Usaha Kecil Dan Menengah | Sekretariat Kementerian Koperasi Dan Usaha Kecil Dan Menengah | Biro Umum Dan Keuangan,1,0,6624700,9690350,8157525.0,3065650
8a0384b49150287401915409e77f28f8,Kementerian Pekerjaan Umum dan Perumahan Rakyat,CPNS,Lulusan Terbaik,Analis Pengembangan Kompetensi Asn Ahli Pertama,Kementerian Pekerjaan Umum Dan Perumahan Rakyat | Badan Pengembangan Sumber Daya Manusia | Balai Pengembangan Kompetensi Pekerjaan Umum Dan Perumahan Rakyat Wilayah Iv Bandung | Seksi Penyelenggaraan,1,1,9400000,10000000,9700000.0,600000
8a0384b4915028740191541943fd3266,Kementerian Pekerjaan Umum dan Perumahan Rakyat,CPNS,Lulusan Terbaik,Analis Pengembangan Kompetensi Asn Ahli Pertama,"Kementerian Pekerjaan Umum Dan Perumahan Rakyat | Badan Pengembangan Sumber Daya Manusia | Pusat Pengembangan Kompetensi Jalan, Perumahan Dan Pengembangan Infrastruktur Wilayah | Bidang Manajemen Sistem Dan Pelaksanaan Pengembangan Kompetensi",1,1,9400000,10000000,9700000.0,600000
8a0384b4915028740191541c11b133dd,Kementerian Pekerjaan Umum dan Perumahan Rakyat,CPNS,Penyandang Disabilitas,Analis Pengembangan Kompetensi Asn Ahli Pertama,Kementerian Pekerjaan Umum Dan Perumahan Rakyat | Badan Pengembangan Sumber Daya Manusia | Pusat Pengembangan Kompetensi Manajemen | Bidang Manajemen Sistem Dan Pelaksanaan Pengembangan Kompetensi,1,1,9400000,10000000,9700000.0,600000
0779bfcf-d7c2-4810-ad11-83e0e90d61ef,Kementerian Pekerjaan Umum dan Perumahan Rakyat,CPNS,Umum,Analis Pengembangan Kompetensi Asn Ahli Pertama,Kementerian Pekerjaan Umum Dan Perumahan Rakyat | Badan Pengembangan Sumber Daya Manusia | Balai Pengembangan Kompetensi Pekerjaan Umum Dan Perumahan Rakyat Wilayah Iv Bandung | Seksi Penyelenggaraan,2,1,9400000,10000000,9700000.0,600000
6d504f53-bb40-4a97-8081-5caa25d37585,Kementerian Pekerjaan Umum dan Perumahan Rakyat,CPNS,Umum,Analis Pengembangan Kompetensi Asn Ahli Pertama,Kementerian Pekerjaan Umum Dan Perumahan Rakyat | Badan Pengembangan Sumber Daya Manusia | Pusat Pengembangan Kompetensi Sumber Daya Air Dan Permukiman | Bidang Manajemen Sistem Dan Pelaksanaan Pengembangan Kompetensi,1,1,9400000,10000000,9700000.0,600000
7a1417e8-7574-4132-8d28-af2e23b4dab3,Kementerian Pekerjaan Umum dan Perumahan Rakyat,CPNS,Umum,Analis Pengembangan Kompetensi Asn Ahli Pertama,Kementerian Pekerjaan Umum Dan Perumahan Rakyat | Badan Pengembangan Sumber Daya Manusia | Balai Pengembangan Kompetensi Pekerjaan Umum Dan Perumahan Rakyat Wilayah Iii Jakarta | Seksi Penyelenggaraan,1,1,9400000,10000000,9700000.0,600000
7e1348ac-9795-4311-842b-28d7afe738ea,Kementerian Pekerjaan Umum dan Perumahan Rakyat,CPNS,Umum,Analis Pengembangan Kompetensi Asn Ahli Pertama,Kementerian Pekerjaan Umum Dan Perumahan Rakyat | Badan Pengembangan Sumber Daya Manusia | Balai Pengembangan Kompetensi Pekerjaan Umum Dan Perumahan Rakyat Wilayah I Medan | Seksi Penyelenggaraan,1,1,9400000,10000000,9700000.0,600000
95eb4212-e6d9-434b-a9f1-80aca57c0b4e,Kementerian Pekerjaan Umum dan Perumahan Rakyat,CPNS,Umum,Analis Pengembangan Kompetensi Asn Ahli Pertama,"Kementerian Pekerjaan Umum Dan Perumahan Rakyat | Badan Pengembangan Sumber Daya Manusia | Pusat Pengembangan Kompetensi Jalan, Perumahan Dan Pengembangan Infrastruktur Wilayah | Bidang Manajemen Sistem Dan Pelaksanaan Pengembangan Kompetensi",2,1,9400000,10000000,9700000.0,600000
b074a0d1-1fbc-45e7-b53a-d00e1b259495,Kementerian Pekerjaan Umum dan Perumahan Rakyat,CPNS,Umum,Analis Pengembangan Kompetensi Asn Ahli Pertama,Kementerian Pekerjaan Umum Dan Perumahan Rakyat | Badan Pengembangan Sumber Daya Manusia | Balai Pengembangan Kompetensi Pekerjaan Umum Dan Perumahan Rakyat Wilayah Ii Palembang | Seksi Penyelenggaraan,1,1,9400000,10000000,9700000.0,600000
d0a1505f-5f5a-4139-b80d-8a0c056ad422,Kementerian Pekerjaan Umum dan Perumahan Rakyat,CPNS,Umum,Analis Pengembangan Kompetensi Asn Ahli Pertama,Kementerian Pekerjaan Umum Dan Perumahan Rakyat | Badan Pengembangan Sumber Daya Manusia | Pusat Pengembangan Kompetensi Manajemen | Bidang Manajemen Sistem Dan Pelaksanaan Pengembangan Kompetensi,3,1,9400000,10000000,9700000.0,600000
8a0384b4915028740191541d7d0034e4,Kementerian Pekerjaan Umum dan Perumahan Rakyat,CPNS,Lulusan Terbaik,Pengembang Teknologi Pembelajaran Ahli Pertama,Kementerian Pekerjaan Umum Dan Perumahan Rakyat | Badan Pengembangan Sumber Daya Manusia | Pusat Pengembangan Kompetensi Manajemen | Bidang Manajemen Sistem Dan Pelaksanaan Pengembangan Kompetensi,1,1,9700000,10300000,10000000.0,600000
19c29865-5bc9-488e-9708-f2ecd113eb5c,Kementerian Pekerjaan Umum dan Perumahan Rakyat,CPNS,Umum,Pengembang Teknologi Pembelajaran Ahli Pertama,Kementerian Pekerjaan Umum Dan Perumahan Rakyat | Badan Pengembangan Sumber Daya Manusia | Pusat Pengembangan Kompetensi Sumber Daya Air Dan Permukiman | Bidang Manajemen Sistem Dan Pelaksanaan Pengembangan Kompetensi,2,1,9700000,10300000,10000000.0,600000
582c3854-13d5-488d-9be9-5c09845e12c5,Kementerian Pekerjaan Umum dan Perumahan Rakyat,CPNS,Umum,Pengembang Teknologi Pembelajaran Ahli Pertama,Kementerian Pekerjaan Umum Dan Perumahan Rakyat | Badan Pengembangan Sumber Daya Manusia | Pusat Pengembangan Kompetensi Manajemen | Bidang Manajemen Sistem Dan Pelaksanaan Pengembangan Kompetensi,1,1,9700000,10300000,10000000.0,600000
ce9f55b6-1c17-4a8c-bc19-1bb3270933e3,Kementerian Pekerjaan Umum dan Perumahan Rakyat,CPNS,Umum,Pengembang Teknologi Pembelajaran Ahli Pertama,"Kementerian Pekerjaan Umum Dan Perumahan Rakyat | Badan Pengembangan Sumber Daya Manusia | Pusat Pengembangan Kompetensi Jalan, Perumahan Dan Pengembangan Infrastruktur Wilayah | Bidang Manajemen Sistem Dan Pelaksanaan Pengembangan Kompetensi",2,1,9700000,10300000,10000000.0,600000
263a7a9f-e362-4f97-b968-f5a7c998a47c,Kementerian Perdagangan,CPNS,Umum,Pengembang Teknologi Pembelajaran Ahli Pertama,Kementerian Perdagangan | Sekretariat Jenderal | Pusat Pendidikan Dan Pelatihan Aparatur Perdagangan | Balai Pelatihan Aparatur Perdagangan Makassar,1,1,7798750,8338750,8068750.0,540000
aacc4214-fa5e-49d6-98fa-2ba9a9d2567a,Kementerian Perdagangan,CPNS,Umum,Pengembang Teknologi Pembelajaran Ahli Pertama,Kementerian Perdagangan | Sekretariat Jenderal | Pusat Pendidikan Dan Pelatihan Aparatur Perdagangan | Balai Pelatihan Aparatur Perdagangan Padang,1,1,7798750,8338750,8068750.0,540000
acd1ff01-b5fc-4335-b6be-e86b842741b2,Kementerian Perdagangan,CPNS,Umum,Pengembang Teknologi Pembelajaran Ahli Pertama,Kementerian Perdagangan | Sekretariat Jenderal | Pusat Pendidikan Dan Pelatihan Aparatur Perdagangan | Akademi Metrologi Dan Instrumentasi | Subbagian Administrasi Akademik Dan Kemahasiswaan,1,1,7934250,8474250,8204250.0,540000
8f729079-1407-4f63-8f8a-3241974222bd,Kementerian Perhubungan,CPNS,Umum,Pengembang Teknologi Pembelajaran Ahli Pertama,Kementerian Perhubungan | Badan Pengembangan Sumber Daya Manusia Perhubungan | Pusat Pengembangan Sumber Daya Manusia Aparatur Perhubungan | Bidang Pendidikan Dan Pelatihan Struktural Dan Fungsional,1,1,2785700,7380850,5083275.0,4595150
9d95c2f2-1bfd-4dda-9510-0e749faa7f53,Kementerian Perhubungan,CPNS,Umum,Pengembang Teknologi Pembelajaran Ahli Pertama,Kementerian Perhubungan | Badan Pengembangan Sumber Daya Manusia Perhubungan | Pusat Pengembangan Sumber Daya Manusia Aparatur Perhubungan | Bidang Pendidikan Dan Pelatihan Manajerial,1,1,2785700,7380850,5083275.0,4595150
b42ccaa6-5126-46a0-b596-99644d48271b,Kementerian Perhubungan,CPNS,Umum,Pengembang Teknologi Pembelajaran Ahli Pertama,Kementerian Perhubungan | Badan Pengembangan Sumber Daya Manusia Perhubungan | Pusat Pengembangan Sumber Daya Manusia Perhubungan Darat | Bidang Pendidikan,1,1,2785700,7380850,5083275.0,4595150
8a0282659168528c01916d959afc47f6,Kementerian Perindustrian,CPNS,Umum,Pengembang Teknologi Pembelajaran Ahli Pertama,Kantor Pusat,3,1,7000000,8500000,7750000.0,1500000
26991112-703b-40f0-ad31-6daf84825061,Kementerian Pertanian,CPNS,Umum,Pengembang Teknologi Pembelajaran Ahli Pertama,Kementerian Pertanian | Badan Penyuluhan Dan Pengembangan Sumber Daya Manusia Pertanian | Pusat Pelatihan Pertanian,2,0,3882902,9218052,6550477.0,5335150
5873e4e6-a35a-477c-aafa-86f1f47dc3fc,Kementerian Pertanian,CPNS,Umum,Pengembang Teknologi Pembelajaran Ahli Pertama,Kementerian Pertanian | Badan Penyuluhan Dan Pengembangan Sumber Daya Manusia Pertanian | Politeknik Pembangunan Pertanian Bogor,4,0,3325752,8660902,5993327.0,5335150
6b2566a3-0804-4f86-b3f9-dc82c30b707f,Kementerian Pertanian,CPNS,Umum,Pengembang Teknologi Pembelajaran Ahli Pertama,Kementerian Pertanian | Badan Penyuluhan Dan Pengembangan Sumber Daya Manusia Pertanian | Politeknik Pembangunan Pertanian Yogyakarta-Magelang,2,0,3325752,8660902,5993327.0,5335150
a57c3489-8cd3-48d9-a3b3-2a5b2f2766c9,Kementerian Pertanian,CPNS,Umum,Pengembang Teknologi Pembelajaran Ahli Pertama,Kementerian Pertanian | Badan Penyuluhan Dan Pengembangan Sumber Daya Manusia Pertanian | Pusat Pendidikan Pertanian,4,0,3882902,9218052,6550477.0,5335150
a9347c3d-8eeb-400c-b270-f96f567f5a9f,Kementerian Pertanian,CPNS,Umum,Pengembang Teknologi Pembelajaran Ahli Pertama,Kementerian Pertanian | Badan Penyuluhan Dan Pengembangan Sumber Daya Manusia Pertanian | Politeknik Pembangunan Pertanian Manokwari,2,0,3325752,8660902,5993327.0,5335150
49c5ecec-215a-459c-93ce-f067a43e8d1c,Kementerian Sekretariat Negara,CPNS,Umum,Pengembang Teknologi Pembelajaran Ahli Pertama,Kementerian Sekretariat Negara | Pusat Pengembangan Kompetensi Aparatur Sipil Negara,2,1,3398120,10872120,7135120.0,7474000
8a0282659168528c01916862b5fa0231,Lembaga Administrasi Negara ,CPNS,Umum,Pengembang Teknologi Pembelajaran Ahli Pertama,Lan Ri Jakarta,7,1,2785700,7920700,5353200.0,5135000
8a0282659168528c0191686f4da702a9,Lembaga Administrasi Negara ,CPNS,Lulusan Terbaik,Pengembang Teknologi Pembelajaran Ahli Pertama,Lan Ri Jakarta,2,1,2785700,7920700,5353200.0,5135000
8a0282659168528c0191687b9582036a,Lembaga Administrasi Negara ,CPNS,Putra/Putri Kalimantan,Pengembang Teknologi Pembelajaran Ahli Pertama,Lan Ri Jakarta,2,1,2785700,7920700,5353200.0,5135000
402c340f-6956-4db1-b4c2-92a0d63bcac9,Lembaga Administrasi Negara ,CPNS,Umum,Pengembang Teknologi Pembelajaran Ahli Pertama,Lembaga Administrasi Negara | Pusat Pelatihan Dan Pengembangan Dan Pemetaan Kompetensi Aparatur Sipil Negara,1,1,2785700,7920700,5353200.0,5135000
63da40c0-5f40-4c4f-b098-fa5e33b06636,Lembaga Administrasi Negara ,CPNS,Umum,Pengembang Teknologi Pembelajaran Ahli Pertama,Lembaga Administrasi Negara | Politeknik Sekolah Tinggi Ilmu Administrasi Lan Makassar,1,1,2785700,7920700,5353200.0,5135000
745492fa-292f-4cf5-ae90-b2e6c167e7da,Lembaga Administrasi Negara ,CPNS,Umum,Pengembang Teknologi Pembelajaran Ahli Pertama,Lembaga Administrasi Negara | Pusat Pelatihan Dan Pengembangan Dan Kajian Desentralisasi Dan Otonomi Daerah,1,1,2785700,7920700,5353200.0,5135000
c2f385f4-0bd5-48f0-b77f-92e6172dae22,Lembaga Administrasi Negara ,CPNS,Umum,Pengembang Teknologi Pembelajaran Ahli Pertama,Lembaga Administrasi Negara | Politeknik Sekolah Tinggi Ilmu Administrasi Lan Bandung,1,1,2785700,7920700,5353200.0,5135000
ee8dbe7b-b3fb-4794-8b48-591d215e75b2,Lembaga Administrasi Negara ,CPNS,Umum,Pengembang Teknologi Pembelajaran Ahli Pertama,Lembaga Administrasi Negara | Pusat Pelatihan Dan Pengembangan Dan Kajian Manajemen Pemerintahan,1,1,2785700,7920700,5353200.0,5135000
58f3cd7c-a682-498c-b378-af29566ef5c2,Lembaga Kebijakan Pengadaan Barang/Jasa Pemerintah,CPNS,Umum,Analis Pengembangan Kompetensi Asn Ahli Pertama,Lembaga Kebijakan Pengadaan Barang / Jasa Pemerintah | Pusat Pelatihan Sumber Daya Manusia Pengadaan Barang/Jasa,1,1,7638300,8649600,8143950.0,1011300
8a0282659168528c01916e1ae257704c,Mahkamah Agung RI,CPNS,Umum,Pengembang Teknologi Pembelajaran Ahli Pertama,| Mahkamah Agung Ri,6,1,2785700,11192700,6989200.0,8407000
0c6efffe-84a1-4aa6-ba59-0cb40b7700d1,Pemerintah Kab. Aceh Utara,CPNS,Umum,Polisi Pamong Praja Ahli Pertama,Pemerintah Kabupaten Aceh Utara | Satuan Polisi Pamong Praja Dan Wilayatul Hisbah | Bidang Penegakan Perundang-Undangan Dan Kebijakan Daerah | Seksi Penyelidikan Dan Penyidikan,1,1,2785700,4575200,3680450.0,1789500
4c5a8de3-59d5-4e8c-8eb7-175583198bb9,Pemerintah Kab. Aceh Utara,CPNS,Umum,Polisi Pamong Praja Ahli Pertama,Pemerintah Kabupaten Aceh Utara | Satuan Polisi Pamong Praja Dan Wilayatul Hisbah | Bidang Ketentraman Dan Ketertiban Umum | Seksi Operasi Dan Pengendalian,1,1,2785700,4575200,3680450.0,1789500
fbeaea98-df8c-4094-bf1a-a58f209b13c9,Pemerintah Kab. Aceh Utara,CPNS,Umum,Polisi Pamong Praja Ahli Pertama,"Pemerintah Kabupaten Aceh Utara | Satuan Polisi Pamong Praja Dan Wilayatul Hisbah | Bidang Penegakan Perundang-Undangan Dan Kebijakan Daerah | Seksi Penegakan, Pelanggaran Dan Pengawasan Perizinan",1,1,2785700,4575200,3680450.0,1789500
de58d68f-db79-4c10-99f3-c7ba030d580e,Pemerintah Kab. Agam,CPNS,Umum,Pengembang Teknologi Pembelajaran Ahli Pertama,Pemerintah Kabupaten Agam                                              | Dinas Pendidikan Dan Kebudayaan | Bidang Pembinaan Sekolah Dasar,1,0,3043120,4005378,3524249.0,962258
f2fc5f59-eaf2-4093-9f03-b0685ecebe85,Pemerintah Kab. Alor,CPNS,Umum,Penggerak Swadaya Masyarakat Ahli Pertama,Pemerintah Kabupaten Alor | Sekretariat Daerah | Asisten Pemerintahan Dan Kesejahteraan Rakyat | Bagian  Kesejahteraan Rakyat,1,1,2785700,3500000,3142850.0,714300
8a0384ba915598f4019155c0041b1a6e,Pemerintah Kab. Asahan,CPNS,Penyandang Disabilitas,Pengembang Teknologi Pembelajaran Ahli Pertama,Pemerintah Kabupaten Asahan | Dinas Pendidikan | Bidang Pendidik Dan Tenaga Kependidikan,1,1,3000000,4000000,3500000.0,1000000
7247533a-1870-48d9-93a7-c13a23eec689,Pemerintah Kab. Asahan,CPNS,Umum,Pengembang Teknologi Pembelajaran Ahli Pertama,Pemerintah Kabupaten Asahan | Dinas Pendidikan | Bidang Pendidik Dan Tenaga Kependidikan,1,0,3000000,4000000,3500000.0,1000000
362d7ce8-208a-4648-987f-b04b4f1443a4,Pemerintah Kab. Bandung,CPNS,Umum,Instruktur Ahli Pertama,Pemerintah Kab. Bandung | Dinas Ketenagakerjaan | Bidang Pelatihan Kerja Dan Produktivitas Tenaga Kerja,3,0,2785700,3000000,2892850.0,214300
8a01849d91446dd8019144816a010372,Pemerintah Kab. Banggai Kepulauan,CPNS,Penyandang Disabilitas,Arsiparis Ahli Pertama,Pemerintah Kabupaten Banggai Kepulauan | Sekretariat Daerah | Asisten Administrasi Umum | Bagian Organisasi,1,1,2700000,3000000,2850000.0,300000
8a01849d91446dd801914482bb1d04c8,Pemerintah Kab. Banggai Kepulauan,CPNS,Penyandang Disabilitas,Arsiparis Ahli Pertama,Pemerintah Kabupaten Banggai Kepulauan | Dinas Perikanan | Sekretariat Dinas Perikanan | Sub Bagian Umum Dan Kepegawaian,1,1,2700000,4500000,3600000.0,1800000
45cb1411-76ba-43dd-9acd-1d760110972f,Pemerintah Kab. Banggai Kepulauan,CPNS,Umum,Arsiparis Ahli Pertama,Pemerintah Kabupaten Banggai Kepulauan | Sekretariat Daerah | Asisten Administrasi Umum | Bagian Organisasi,1,1,2700000,3000000,2850000.0,300000
52b5b993-8e4d-4aa2-bbc5-252bbd77a240,Pemerintah Kab. Banggai Kepulauan,CPNS,Umum,Arsiparis Ahli Pertama,Pemerintah Kabupaten Banggai Kepulauan | Dinas Kependudukan Dan Pencatatan Sipil | Sekretariat Dinas Kependudukan Dan Pencatatan Sipil | Sub Bagian Umum Dan Kepegawaian,1,1,2700000,4500000,3600000.0,1800000
5f6256cb-b57d-4ca6-8072-b41428fc6f35,Pemerintah Kab. Banggai Kepulauan,CPNS,Umum,Arsiparis Ahli Pertama,Pemerintah Kabupaten Banggai Kepulauan | Dinas Lingkungan Hidup | Sekretariat Dinas Lingkungan Hidup | Sub Bagian Umum Dan Kepegawaian,1,1,2785700,4575200,3680450.0,1789500
60e4d751-a21e-47c7-a5cb-eed7ad1b62b2,Pemerintah Kab. Banggai Kepulauan,CPNS,Umum,Arsiparis Ahli Pertama,Pemerintah Kabupaten Banggai Kepulauan | Dinas Pertanian | Sekretariat Dinas Pertanian | Sub Bagian Umum Dan Kepegawaian,1,1,2785700,4575200,3680450.0,1789500
9752193e-4e33-4f97-956a-5e2d3e9efbd0,Pemerintah Kab. Banggai Kepulauan,CPNS,Umum,Arsiparis Ahli Pertama,Pemerintah Kabupaten Banggai Kepulauan | Sekretariat Daerah | Asisten Perekonomian Dan Pembangunan | Bagian Pengadaan Barang Dan Jasa | Sub Bagian Pengelolaan Layanan Pengadaan Secara Elektronik,1,1,2785700,4575200,3680450.0,1789500
9cff6e83-f163-4c99-8e27-fb15db3a9b4a,Pemerintah Kab. Banggai Kepulauan,CPNS,Umum,Arsiparis Ahli Pertama,Pemerintah Kabupaten Banggai Kepulauan | Dinas Perikanan | Sekretariat Dinas Perikanan | Sub Bagian Umum Dan Kepegawaian,1,1,2700000,4500000,3600000.0,1800000
d13e52e8-7112-4031-80a8-8928051213df,Pemerintah Kab. Banggai Kepulauan,CPNS,Umum,Arsiparis Ahli Pertama,Pemerintah Kabupaten Banggai Kepulauan | Badan Kesatuan Bangsa Dan Politik | Sekretariat Badan Kesatuan Bangsa Dan Politik | Sub Bagian Umum Dan Kepegawaian,1,1,2785700,4575200,3680450.0,1789500
e3d79c93-c1c0-4f2f-8fd0-d72776ab2cec,Pemerintah Kab. Banggai Kepulauan,CPNS,Umum,Arsiparis Ahli Pertama,"Pemerintah Kabupaten Banggai Kepulauan | Dinas Perumahan, Kawasan Permukiman Dan Pertanahan | Sekretariat Dinas Perumahan, Kawasan Permukiman Dan Pertanahan | Sub Bagian Umum Dan Kepegawaian",1,1,2785700,4575200,3680450.0,1789500
0f6856fa-4c2f-4398-bc76-2baac87138ad,Pemerintah Kab. Banggai Kepulauan,CPNS,Umum,Pengembang Teknologi Pembelajaran Ahli Pertama,Pemerintah Kabupaten Banggai Kepulauan | Dinas Pendidikan Dan Kebudayaan | Bidang Pembinaan Ketenagaan | Seksi Pembinaantenaga Kependidikan Pendidikan Dasar,1,1,2700000,3000000,2850000.0,300000
2c425ec8-5ccf-4a16-a9d9-8ad73cd04901,Pemerintah Kab. Banggai Kepulauan,CPNS,Umum,Pengembang Teknologi Pembelajaran Ahli Pertama,Pemerintah Kabupaten Banggai Kepulauan | Dinas Pendidikan Dan Kebudayaan | Bidang Pembinaan Ketenagaan | Seksi Pembinaan Tenaga Kependidikan Pendidikan Anak Usia Dini Dan Pendidikan Non Formal,1,1,2700000,3000000,2850000.0,300000
9e78000e-dab6-400b-9741-45e9d847fb5c,Pemerintah Kab. Banggai Laut,CPNS,Umum,Polisi Pamong Praja Ahli Pertama,Pemerintah Kab. Banggai Laut | Satuan Polisi Pamong Praja | Bidang Perlindungan Masyarakat,2,0,3000000,4500000,3750000.0,1500000
acc8fb42-4cdb-4da5-bc48-e924b9e93c89,Pemerintah Kab. Banggai Laut,CPNS,Umum,Polisi Pamong Praja Ahli Pertama,Pemerintah Kab. Banggai Laut | Satuan Polisi Pamong Praja | Bidang Penegakan Perda,2,0,3000000,4500000,3750000.0,1500000
d54c0bfe-b488-4908-ace0-33da5d867dda,Pemerintah Kab. Banggai Laut,CPNS,Umum,Polisi Pamong Praja Ahli Pertama,Pemerintah Kab. Banggai Laut | Satuan Polisi Pamong Praja | Bidang Tibumtranmas,1,0,3000000,4500000,3750000.0,1500000
b6b513f6-98b4-443e-be72-459a5ae9b469,Pemerintah Kab. Barito Kuala,CPNS,Umum,Analis Pengembangan Kompetensi Asn Ahli Pertama,"Kabupaten Barito Kuala | Badan Kepegawaian, Pendidikan Dan Pelatihan | Bidang Diklat, Pengembangan Pegawai",1,0,2228560,2785700,2507130.0,557140
627cad03-b3d3-4da4-aab9-672ae28d2332,Pemerintah Kab. Barito Kuala,CPNS,Umum,Surveyor Pemetaan Ahli Pertama,"Kabupaten Barito Kuala | Badan Perencanaan Pembangunan, Penelitian Dan Pengembangan | Bidang Penelitian Dan Pengembangan",1,0,2228560,2785700,2507130.0,557140
0ef48697-5122-4609-90a2-e00f569b7a3f,Pemerintah Kab. Barito Utara,CPNS,Umum,Pengembang Buku Elektronik,Pemerintah Kabupaten Barito Utara | Dinas Kearsipan Dan Perpustakaan | Bidang Pengelolaan Layanan Pelestarian Bahan Pustaka,8,1,2500000,5000000,3750000.0,2500000
d638afbf-c4cc-4681-bfdb-9fd68e011071,Pemerintah Kab. Barito Utara,CPNS,Umum,Pengembang Buku Elektronik,Pemerintah Kabupaten Barito Utara | Dinas Kearsipan Dan Perpustakaan | Bidang Perpustakaan Dan Pembudayaan Gemar Membaca,8,1,2500000,5000000,3750000.0,2500000
6077febd-61af-4333-b828-9ca9ebb7e66a,Pemerintah Kab. Bengkayang,CPNS,Umum,Pengembang Teknologi Pembelajaran Ahli Pertama,Pemerintah Kabupaten Bengkayang | Dinas Pendidikan Dan Kebudayaan | Bidang Kurikulum Dan Mutu Pendidikan,1,1,2000000,5000000,3500000.0,3000000
8a0384c7915b4c4c01915e1c74ef1acd,Pemerintah Kab. Biak Numfor,CPNS,Orang Asli Papua (Oap),Analis Pengembangan Kompetensi Asn Ahli Pertama,Pemerintah Kabupaten Biak Numfor | Badan Kepegawaian Dan Pengembangan Sumber Daya Manusia | Kelompok Jabatan Fungsional,2,0,3000000,4000000,3500000.0,1000000
71e29cb8-f0ab-4dc7-838a-d3e723dae6d4,Pemerintah Kab. Biak Numfor,CPNS,Umum (Non Oap),Analis Pengembangan Kompetensi Asn Ahli Pertama,Pemerintah Kabupaten Biak Numfor | Badan Kepegawaian Dan Pengembangan Sumber Daya Manusia | Kelompok Jabatan Fungsional,1,0,3000000,4000000,3500000.0,1000000
bcab419c-2fee-4569-857b-2d345e0f03e0,Pemerintah Kab. Bolaang Mongondow Timur,CPNS,Umum,Pengembang Teknologi Pembelajaran Ahli Pertama,Pemerintah Kabupaten Bolaang Mongondow Timur | Dinas Pendidikan Dan Kebudayaan | Bidang Pembinaan Sekolah Menengah Pertama,1,1,3203600,5265000,4234300.0,2061400
ff978a41-4ccd-4ad5-b3f1-574eee59eea0,Pemerintah Kab. Bolaang Mongondow Timur,CPNS,Umum,Pengembang Teknologi Pembelajaran Ahli Pertama,Pemerintah Kabupaten Bolaang Mongondow Timur | Dinas Pendidikan Dan Kebudayaan | Bidang Pembinaan Sekolah Dasar,1,1,3203600,5265000,4234300.0,2061400
d4debd0d-b5db-485e-ada8-960bb56aaf4b,Pemerintah Kab. Brebes,CPNS,Umum,Pengembang Teknologi Pembelajaran Ahli Pertama,"Pemerintah Kabupaten Brebes | Dinas Pendidikan, Pemuda Dan Olahraga | Kelompok Jabatan Fungsional",1,1,2228560,3175698,2702129.0,947138
811c6599-07df-4568-8890-84b1963a9abd,Pemerintah Kab. Bulukumba,CPNS,Umum,Pengembang Teknologi Pembelajaran Ahli Pertama,Pemerintah Daerah Kab.Bulukumba | Dinas Pendidikan Dan Kebudayaan | Bidang Pembinaan Pendidikan Anak Usia Dini Dan Pendidikan Non Formal,3,1,2206500,3201200,2703850.0,994700
97367214-c139-4762-a7bc-d349bf0323b8,Pemerintah Kab. Buru Selatan,CPNS,Umum,Penata Kependudukan Dan Keluarga Berencana Ahli Pertama,"Pemerintah Kabupaten Buru Selatan | Sekretariat Daerah | Dinas Kesehatan,Pengendalian Penduduk Dan Keluarga Berencana | Bidang Pengendalian Penduduk Dan Keluarga Berencana",1,1,2800000,3500000,3150000.0,700000
03865a81-3aa0-443a-bc4e-f2d398e5f50f,Pemerintah Kab. Buru Selatan,CPNS,Umum,Pengembang Teknologi Pembelajaran Ahli Pertama,Pemerintah Kabupaten Buru Selatan | Sekretariat Daerah | Dinas Pendidikan | Bidang Paud Dan Pendidikan Masyarakat | Seksi Pendidikan Masyarakat,1,1,2800000,3500000,3150000.0,700000
27436a66-8d2f-4779-a192-a3ed591765a4,Pemerintah Kab. Buru Selatan,CPNS,Umum,Pengembang Teknologi Pembelajaran Ahli Pertama,Pemerintah Kabupaten Buru Selatan | Sekretariat Daerah | Dinas Pendidikan | Bidang Paud Dan Pendidikan Masyarakat | Seksi Pendidikan Anak Usia Dini,1,1,2800000,3500000,3150000.0,700000
33e1eefa-a8f3-4772-8c25-a64d99e0fb72,Pemerintah Kab. Buru Selatan,CPNS,Umum,Pengembang Teknologi Pembelajaran Ahli Pertama,Pemerintah Kabupaten Buru Selatan | Sekretariat Daerah | Dinas Pendidikan | Bidang Sekolah Dasar | Seksi Pengembangan Dan Pendidikan Sekolah Dasar,1,1,2800000,3500000,3150000.0,700000
3975c4b7-2b21-45ab-b7a9-19e02990e4c3,Pemerintah Kab. Buru Selatan,CPNS,Umum,Pengembang Teknologi Pembelajaran Ahli Pertama,Pemerintah Kabupaten Buru Selatan | Sekretariat Daerah | Dinas Pendidikan | Bidang Sekolah Menengah Pertama | Seksi Ketenagaan Sekolah Menengah Pertama,1,1,3200000,3500000,3350000.0,300000
3c3fdaf8-d9fd-46d3-b89b-812663740845,Pemerintah Kab. Buru Selatan,CPNS,Umum,Pengembang Teknologi Pembelajaran Ahli Pertama,Pemerintah Kabupaten Buru Selatan | Sekretariat Daerah | Dinas Pendidikan | Bidang Sekolah Menengah Pertama | Seksi Pengembangan Dan Pendidikan Sekolah Menengah Pertama,1,1,2800000,3500000,3150000.0,700000
8a02826391606efe0191609d42f3167d,Pemerintah Kab. Buru Selatan,CPNS,Putra/Putri Daerah Tertinggal,Polisi Pamong Praja Ahli Pertama,Pemerintah Kabupaten Buru Selatan | Sekretariat Daerah | Dinas Satuan Polisi Pamong Praja | Bidang Ketertiban Umum Dan Ketentraman Masyarakat | Seksi Operasi Dan Pengendalian,1,1,2800000,3500000,3150000.0,700000
8a02826391606efe0191609ed81e17ab,Pemerintah Kab. Buru Selatan,CPNS,Putra/Putri Daerah Tertinggal,Polisi Pamong Praja Ahli Pertama,Pemerintah Kabupaten Buru Selatan | Sekretariat Daerah | Dinas Satuan Polisi Pamong Praja | Bidang Penegakan Peraturan Perundang-Undangan | Seksi Penyelidikan Dan Penyidikan,1,1,2800000,3500000,3150000.0,700000
8a02826391606efe0191609f1c4617d5,Pemerintah Kab. Buru Selatan,CPNS,Putra/Putri Daerah Tertinggal,Polisi Pamong Praja Ahli Pertama,Pemerintah Kabupaten Buru Selatan | Sekretariat Daerah | Dinas Satuan Polisi Pamong Praja | Bidang Perlindungan Masyarakat Dan Pemadam Kebakaran | Seksi Perlindungan Masyarakat,1,1,2800000,3500000,3150000.0,700000
0d701934-2991-4204-a016-5ba63bb2396b,Pemerintah Kab. Buru Selatan,CPNS,Umum,Polisi Pamong Praja Ahli Pertama,Pemerintah Kabupaten Buru Selatan | Sekretariat Daerah | Dinas Satuan Polisi Pamong Praja | Bidang Ketertiban Umum Dan Ketentraman Masyarakat | Seksi Operasi Dan Pengendalian,3,1,2800000,3500000,3150000.0,700000
7cbbd174-78ee-4aca-b203-1a188038b7b0,Pemerintah Kab. Buru Selatan,CPNS,Umum,Polisi Pamong Praja Ahli Pertama,Pemerintah Kabupaten Buru Selatan | Sekretariat Daerah | Dinas Satuan Polisi Pamong Praja | Bidang Penegakan Peraturan Perundang-Undangan | Seksi Penyelidikan Dan Penyidikan,3,1,2800000,3500000,3150000.0,700000
f2a8f8c7-eb3b-4237-8557-99075185de9e,Pemerintah Kab. Buru Selatan,CPNS,Umum,Polisi Pamong Praja Ahli Pertama,Pemerintah Kabupaten Buru Selatan | Sekretariat Daerah | Dinas Satuan Polisi Pamong Praja | Bidang Perlindungan Masyarakat Dan Pemadam Kebakaran | Seksi Perlindungan Masyarakat,3,1,2800000,3500000,3150000.0,700000
9e0661e8-75d0-4af8-b8e0-5f72c432d58c,Pemerintah Kab. Buru Selatan,CPNS,Umum,Pranata Hubungan Masyarakat Ahli Pertama,Pemerintah Kabupaten Buru Selatan | Sekretariat Daerah | Dinas Komunikasi Dan Informatika | Bidang Manajeman Sistim Informasi Dan Penyelengaraan E-Government,1,1,2800000,3500000,3150000.0,700000
6d6df079-41fe-449f-a651-eccde141a89c,Pemerintah Kab. Cirebon,CPNS,Umum,Pengelola Pengadaan Barang dan Jasa Ahli Pertama,Pemerintah Kabupaten Cirebon | Sekretariat Daerah | Asisten Perekonomian Dan Pembangunan | Bagian Pengadaan Barang Dan Jasa | Sub Bagian Pengelolaan Pengadaan Barang Dan Jasa,7,1,2000000,5000000,3500000.0,3000000
8c3cf530-6d4d-4e6e-82cd-51b1b5109b5b,Pemerintah Kab. Dharmasraya,CPNS,Umum,Pengembang Teknologi Pembelajaran Ahli Pertama,Pemerintah Kabupaten Dharmasraya | Dinas Pendidikan | Bidang Pembinaan Pendidikan Dasar,1,0,2531558,2856018,2693788.0,324460
2dc57ebe-39dc-4bc7-a766-76f538305e31,Pemerintah Kab. Ende,CPNS,Umum,Instruktur Ahli Pertama,Pemerintah Kabupaten Ende | Dinas Transmigrasi Dan Tenaga Kerja | Unit Pelaksana Teknis Daerah Latihan Kerja,1,0,2000000,3000000,2500000.0,1000000
4cd07d19-4094-4407-883a-a1fe70d4f5ea,Pemerintah Kab. Enrekang,CPNS,Umum,Pengembang Teknologi Pembelajaran Ahli Pertama,Pemerintah Kabupaten Enrekang                                          | Dinas Pendidikan Dan Kebudayaan | Bidang Pembinaan Dan Pendidikan Dasar,1,1,2785500,3650400,3217950.0,864900
7c35c1be-73cf-4b4a-929b-ae7b18e3610d,Pemerintah Kab. Flores Timur,CPNS,Umum,Analis Pengembangan Kompetensi Asn Ahli Pertama,Pemerintah Kabupaten Flores Timur | Badan Kepegawaian Dan Pengembangan Sumber Daya Manusia Daerah | Bidang Pengembangan Kompetensi Aparatur,1,1,3000000,6000000,4500000.0,3000000
8a01869291548667019154f4c0ca1a4e,Pemerintah Kab. Flores Timur,CPNS,Penyandang Disabilitas,Pengendali Konten Internet,Pemerintah Kabupaten Flores Timur | Dinas Komunikasi Dan Informatika | Bidang Penyelenggaraan E-Government,1,1,3000000,6000000,4500000.0,3000000
ae967ade-3703-469e-b447-0b2b546d6d84,Pemerintah Kab. Flores Timur,CPNS,Umum,Pengendali Konten Internet,Pemerintah Kabupaten Flores Timur | Dinas Penanaman Modal Dan Pelayanan Terpadu Satu Pintu | Kordinator Jf Dan Kelompok Jf Pelayanan Terpadu Satu Pintu,1,1,3000000,6000000,4500000.0,3000000
b360a2d2-c9c8-4496-b135-87c1b5f027d9,Pemerintah Kab. Flores Timur,CPNS,Umum,Pengendali Konten Internet,Pemerintah Kabupaten Flores Timur | Dinas Komunikasi Dan Informatika | Bidang Penyelenggaraan E-Government,1,1,3000000,6000000,4500000.0,3000000
e18d5cd2-d3ad-4a38-8a6c-d263727f784a,Pemerintah Kab. Flores Timur,CPNS,Umum,Pengendali Konten Internet,Pemerintah Kabupaten Flores Timur | Dinas Pariwisata Dan Kebudayaan | Bidang Pengembangan Produk Wisata,2,1,3000000,6000000,4500000.0,3000000
11beb8d1-6a2e-4c2a-9d07-f61e09faaa40,Pemerintah Kab. Gresik,CPNS,Umum,Pengembang Teknologi Pembelajaran Ahli Pertama,Pemerintah Kabupaten Gresik | Dinas Pendidikan,8,0,2780000,3400000,3090000.0,620000
2fdacbe2-c110-4474-993b-9ccb04419036,Pemerintah Kab. Grobogan,CPNS,Umum,Pengembang Teknologi Pembelajaran Ahli Pertama,Pemerintah Kabupaten Grobogan | Dinas Pendidikan | Bidang Pembinaan Sd | Seksi Peserta Didik Dan Pembangunan Karakter Sd,1,0,3000000,4000000,3500000.0,1000000
ef640bf9-f19c-4532-aef4-76a5a4d97ebe,Pemerintah Kab. Grobogan,CPNS,Umum,Pengembang Teknologi Pembelajaran Ahli Pertama,Pemerintah Kabupaten Grobogan | Dinas Pendidikan | Bidang Pembinaan Smp | Seksi Peserta Didik Dan Pembangunan Karakter Smp,1,0,3000000,4000000,3500000.0,1000000
3f1778a6-2c0c-45b9-9e70-215baf1658ef,Pemerintah Kab. Gunung Mas,CPNS,Umum,Penata Kelola Sistem Dan Teknologi Informasi,Pemerintah Kab. Gunung Mas | Badan Pendapatan Daerah | Bidang Pengendalian Dan Evaluasi Pendapatan Daerah | Sub Bidang Pengolahan Data Dan Sistem Informasi Pajak Dan Retribusi Daerah,1,0,2511500,4189900,3350700.0,1678400
0645f39d-9eba-4cb7-b3f3-a612ee7c279b,Pemerintah Kab. Halmahera Selatan,CPNS,Umum,Pengembang Teknologi Pembelajaran Ahli Pertama,Pemerintah Kab. Halmahera Selatan | Dinas Pendidikan | Bidang Pembinaan Paud Dan Pendidikan Non Formal,1,1,2785700,6373200,4579450.0,3587500
c4fde10a-cb13-4e16-80a5-e52b7b767411,Pemerintah Kab. Halmahera Selatan,CPNS,Umum,Pengembang Teknologi Pembelajaran Ahli Pertama,Pemerintah Kab. Halmahera Selatan | Dinas Pendidikan | Bidang Pembinaan Pendidikan Smp,1,1,2785700,6373200,4579450.0,3587500
d2a14f01-2730-4191-a5b6-14e799690b9e,Pemerintah Kab. Halmahera Timur,CPNS,Umum,Pengembang Teknologi Pembelajaran Ahli Pertama,Pemerintah Kab. Halmahera Timur | Dinas Pendidikan,2,1,2785700,4575200,3680450.0,1789500
fa24a8e8-991e-4bb1-9e27-bc7311e13bca,Pemerintah Kab. Halmahera Utara,CPNS,Umum,Analis Pengembangan Kompetensi Asn Ahli Pertama,Pemerintah Kabupaten Halmahera Utara | Badan Kepegawaian Daerah Dan Pengembangan Sumber Daya Aparatur | Bidang Pengembangan Sumber Daya Aparatur,1,1,2785700,4575200,3680450.0,1789500
08bced1e-08f9-4775-b11b-51c1b5406cdb,Pemerintah Kab. Halmahera Utara,CPNS,Umum,Polisi Pamong Praja Ahli Pertama,"Pemerintah Kabupaten Halmahera Utara | Dinas Satuan Polisi Pamong Praja | Bidang Penegakan Peraturan Daerah | Seksi Pembinaan, Pengawasan Dan Penyuluhan",1,0,2785700,4575200,3680450.0,1789500
17851127-83be-45ad-81ff-0eda2349b26c,Pemerintah Kab. Halmahera Utara,CPNS,Umum,Polisi Pamong Praja Ahli Pertama,Pemerintah Kabupaten Halmahera Utara | Dinas Satuan Polisi Pamong Praja | Bidang Perlindungan Masyarakat | Seksi Pelatihan Dan Mobilisasi,1,0,2785700,4575200,3680450.0,1789500
11fef770-fa70-48c7-b68c-60ea14fe3d6c,Pemerintah Kab. Hulu Sungai Tengah,CPNS,Umum,Pengembang Teknologi Pembelajaran Ahli Pertama,Pemerintah Kabupaten Hulu Sungai Tengah | Dinas Pendidikan | Bidang Pembinaan Paud Dan Pendidikan Masyarakat | Seksi Pendidikan Masyarakat,1,1,2785700,5422378,4104039.0,2636678
8a03849a9149c64e019149df7cd8128e,Pemerintah Kab. Jember,CPNS,Penyandang Disabilitas,Pengembang Teknologi Pembelajaran Ahli Pertama,Pemerintah Kabupaten Jember | Dinas Pendidikan | Bidang Pembinaan Sekolah Dasar,1,1,2922900,3513600,3218250.0,590700
9464af73-c5df-4266-814e-17e3ca2bb27a,Pemerintah Kab. Jember,CPNS,Umum,Pengembang Teknologi Pembelajaran Ahli Pertama,Pemerintah Kabupaten Jember | Dinas Pendidikan | Bidang Pembinaan Sekolah Dasar,1,1,2922900,3513600,3218250.0,590700
b4d54c0a-17a9-44af-842e-493c552c73e1,Pemerintah Kab. Jember,CPNS,Umum,Pengembang Teknologi Pembelajaran Ahli Pertama,Pemerintah Kabupaten Jember | Dinas Pendidikan | Bidang Pembinaan Sekolah Menengah Pertama,1,1,2922900,3513600,3218250.0,590700
f8688dab-bf33-4e69-9ac7-ab01ef0a5057,Pemerintah Kab. Jember,CPNS,Umum,Pengembang Teknologi Pembelajaran Ahli Pertama,Pemerintah Kabupaten Jember | Dinas Pendidikan | Bidang Pendidikan Anak Usia Dini (Paud) Dan Pendidikan Nonformal,1,1,2922900,3513600,3218250.0,590700
21de4fbc-4fb5-4abc-9230-7faf983dd146,Pemerintah Kab. Kapuas Hulu,CPNS,Umum,Polisi Pamong Praja Ahli Pertama,Pemerintah Kab. Kapuas Hulu | Satuan Polisi Pamong Praja | Bidang Perlindungan Masyarakat,1,1,2785700,3285700,3035700.0,500000
8f69bec4-c8c9-4201-9baa-79308abd543b,Pemerintah Kab. Karanganyar,CPNS,Umum,Pengembang Teknologi Pembelajaran Ahli Pertama,Pemerintah Kabupaten Karanganyar | Dinas Pendidikan Dan Kebudayaan | Bidang Sekolah Dasar | Seksi Pengembangan Kurikulum Dan Penjaminan Mutu Sekolah Dasar,1,1,2500000,3000000,2750000.0,500000
bbb9e013-f74d-4143-9a9a-e8f65eb6d350,Pemerintah Kab. Karanganyar,CPNS,Umum,Pengembang Teknologi Pembelajaran Ahli Pertama,Pemerintah Kabupaten Karanganyar | Dinas Pendidikan Dan Kebudayaan | Bidang Sekolah Menengah Pertama | Seksi Pengembangan Kurikulum Dan Penjaminan Mutu Sekolah Menengah Pertama,1,1,2500000,3000000,2750000.0,500000
099ee3df-e07d-47f8-9058-42364d481a6b,Pemerintah Kab. Kepulauan Anambas,CPNS,Umum,Arsiparis Ahli Pertama,"Pemerintah Kabupaten Kepulauan Anambas | Dinas Pendidikan, Pemuda Dan Olahraga | Sekretariat Dinas Pendidikan, Pemuda Dan Olahraga",1,1,2785700,7685700,5235700.0,4900000
5ee35c74-3b1b-40ef-bbd3-41be431cd0d1,Pemerintah Kab. Kepulauan Anambas,CPNS,Umum,Arsiparis Ahli Pertama,Pemerintah Kabupaten Kepulauan Anambas | Inspektorat Daerah | Sekretariat Inspektorat Daerah,1,1,2785700,7685700,5235700.0,4900000
63027f38-549f-47cc-a41d-a5b00e45a35f,Pemerintah Kab. Kepulauan Anambas,CPNS,Umum,Arsiparis Ahli Pertama,Pemerintah Kabupaten Kepulauan Anambas | Badan Pengelolaan Keuangan Dan Pendapatan Daerah | Sekretariat Badan Pengelolaan Keuangan Dan Pendapatan Daerah,1,1,2785700,7685700,5235700.0,4900000
b5012459-110b-432a-a87c-e20d45456385,Pemerintah Kab. Kepulauan Anambas,CPNS,Umum,Arsiparis Ahli Pertama,Pemerintah Kabupaten Kepulauan Anambas | Dinas Pariwisata Dan Kebudayaan | Sekretariat Dinas Pariwisata Dan Kebudayaan,1,1,2785700,7685700,5235700.0,4900000
b889cad1-d0e1-4fe8-ad5f-0ae48b8d51ec,Pemerintah Kab. Kepulauan Anambas,CPNS,Umum,Arsiparis Ahli Pertama,Pemerintah Kabupaten Kepulauan Anambas | Dinas Perpustakaan Dan Arsip Daerah | Sekretariat Dinas Perpustakaan Dan Arsip Daerah,1,1,2785700,7685700,5235700.0,4900000
cf5b79c1-7b71-43b2-8ce9-221795abe5b2,Pemerintah Kab. Kepulauan Anambas,CPNS,Umum,Arsiparis Ahli Pertama,Pemerintah Kabupaten Kepulauan Anambas | Dinas Perhubungan Dan Lingkungan Hidup | Sekretariat Dinas Perhubungan Dan Lingkungan Hidup,1,1,2785700,7685700,5235700.0,4900000
a10721f4-c7c5-4afd-9753-159b6f23c45f,Pemerintah Kab. Kepulauan Anambas,CPNS,Umum,Penata Kependudukan Dan Keluarga Berencana Ahli Pertama,"Pemerintah Kabupaten Kepulauan Anambas | Dinas Kesehatan, Pengendalian Penduduk Dan Keluarga Berencana | Bidang Pengendalian Penduduk Dan Keluarga Berencana",2,1,2785700,7685700,5235700.0,4900000
0ab6de25-0332-435c-889b-ffb5c8cd7ed2,Pemerintah Kab. Kerinci,CPNS,Umum,Penata Kelola Sistem Dan Teknologi Informasi,Pemerintah Kabupaten Kerinci | Sekretaris Daerah | Dinas Koperasi Dan Tenaga Kerja | Sekretariat | Sub Bagian Umum Dan Kepegawaian,3,0,2785700,5948038,4366869.0,3162338
586157fd-8c99-4df8-a420-55e247860b37,Pemerintah Kab. Kutai Timur,CPNS,Umum,Penata Kependudukan Dan Keluarga Berencana Ahli Pertama,Pemerintah Kabupaten Kutai Timur                                       | Dinas Pengendalian Penduduk Dan Keluarga Berencana | Bidang Keluarga Berencana,2,1,2785700,9834489,6310094.5,7048789
5ed4c853-75b0-4865-abab-81bf2d84f840,Pemerintah Kab. Kutai Timur,CPNS,Umum,Penata Kependudukan Dan Keluarga Berencana Ahli Pertama,Pemerintah Kabupaten Kutai Timur                                       | Dinas Pengendalian Penduduk Dan Keluarga Berencana | Bidang Pengendalian Penduduk,2,1,2785700,9834489,6310094.5,7048789
7d7f3b22-3e4e-4ab0-b767-e3cb93b184cb,Pemerintah Kab. Kutai Timur,CPNS,Umum,Penata Kependudukan Dan Keluarga Berencana Ahli Pertama,Pemerintah Kabupaten Kutai Timur                                       | Dinas Pengendalian Penduduk Dan Keluarga Berencana | Bidang Penyuluhan Dan Penggerakan,2,1,2785700,9834489,6310094.5,7048789
f77d6001-9fec-4a50-89d2-1cde4a20ecaf,Pemerintah Kab. Kutai Timur,CPNS,Umum,Penata Kependudukan Dan Keluarga Berencana Ahli Pertama,Pemerintah Kabupaten Kutai Timur                                       | Dinas Pengendalian Penduduk Dan Keluarga Berencana | Bidang Ketahanan Dan Kesejahteraan Keluarga,2,1,2785700,9834489,6310094.5,7048789
e5f9cdd6-652b-421d-9088-453c12b57c6c,Pemerintah Kab. Kutai Timur,CPNS,Umum,Pengelola Pengadaan Barang dan Jasa Ahli Pertama,Pemerintah Kabupaten Kutai Timur                                       | Sekretariat Daerah | Asisten Perekonomian Dan Pembangunan | Bagian Pengadaan Barang Dan Jasa,5,1,2785700,9834489,6310094.5,7048789
16943f4e-2887-4ccc-96b7-07d882f8450a,Pemerintah Kab. Kutai Timur,CPNS,Umum,Pengembang Teknologi Pembelajaran Ahli Pertama,Pemerintah Kabupaten Kutai Timur                                       | Dinas Pendidikan Dan Kebudayaan | Bidang Pendidikan Sekolah Dasar,2,1,2785700,9834489,6310094.5,7048789
404daa03-c073-4208-bf8b-40cd8f8b019c,Pemerintah Kab. Kutai Timur,CPNS,Umum,Pengembang Teknologi Pembelajaran Ahli Pertama,Pemerintah Kabupaten Kutai Timur                                       | Dinas Pendidikan Dan Kebudayaan | Bidang Pembinaan Pendidikan Anak Usia Dini Dan Pendidikan Non Formal,1,1,2785700,9834489,6310094.5,7048789
aaba9d24-61b6-4fff-b4d5-7d6be1389f94,Pemerintah Kab. Kutai Timur,CPNS,Umum,Pengembang Teknologi Pembelajaran Ahli Pertama,Pemerintah Kabupaten Kutai Timur                                       | Dinas Pendidikan Dan Kebudayaan | Bidang Pendidikan Sekolah Menengah Pertama,2,1,2785700,9834489,6310094.5,7048789
cee5256d-5000-4b7e-87a4-b6a14bcb1732,Pemerintah Kab. Kutai Timur,CPNS,Umum,Pranata Hubungan Masyarakat Ahli Pertama,Pemerintah Kabupaten Kutai Timur                                       | Sekretariat Daerah | Assisten Administrasi Umum | Bagian Protokol Dan Komunikasi Pimpinan,2,1,2785700,9834489,6310094.5,7048789
0f798664-8620-469c-bead-49d21f5f4f41,Pemerintah Kab. Lahat,CPNS,Umum,Analis Kebijakan Ahli Pertama,Pemerintah Kabupaten Lahat | Dinas Pendidikan Dan Kebudayaan | Bidang Pembinaan Sekolah Dasar,2,1,2785700,3285700,3035700.0,500000
16e279b2-e879-4936-9cd7-b969cfdf6648,Pemerintah Kab. Lahat,CPNS,Umum,Analis Kebijakan Ahli Pertama,Pemerintah Kabupaten Lahat | Dinas Pendidikan Dan Kebudayaan | Bidang Pembinaan Sekolah Menengah Pertama,2,1,2785700,3285700,3035700.0,500000
8a969656-3319-40a2-a9b5-6413b1a5e687,Pemerintah Kab. Lamongan,CPNS,Umum,Pengembang Teknologi Pembelajaran Ahli Pertama,Pemerintah Kabupaten Lamongan | Dinas Pendidikan | Sekretariat | Sub Bagian Perencanaan Dan Evaluasi,3,1,3000000,4500000,3750000.0,1500000
aabe176f-f456-4ef7-9fd9-fcd0adc071f5,Pemerintah Kab. Lebong,CPNS,Umum,Pengembang Teknologi Pembelajaran Ahli Pertama,Pemerintah Kabupaten Lebong | Dinas Pendidikan Dan Kebudayaan | Bidang Pembinaan Dan Pendidikan,3,1,2785700,4575200,3680450.0,1789500
1411532b-31b6-41c5-9800-3651ed8c3fa4,Pemerintah Kab. Luwu Timur,CPNS,Umum,Penata Kelola Sistem Dan Teknologi Informasi,Pemerintah Kabupaten Luwu Timur | Dinas Pendidikan Dan Kebudayaan | Sekretaris Dinas | Sub Bagian Umum Dan Kepegawaian,1,1,3000000,4000000,3500000.0,1000000
a980478d-6be8-4051-8eb9-f9e3f132ff7c,Pemerintah Kab. Luwu Timur,CPNS,Umum,Penata Kelola Sistem Dan Teknologi Informasi,Pemerintah Kabupaten Luwu Timur | Dinas Pendidikan Dan Kebudayaan | Sekretaris Dinas | Sub Bagian Keuangan,1,1,3000000,4000000,3500000.0,1000000
bd6a8f0c-e5f3-492c-952c-1a6858268195,Pemerintah Kab. Luwu Timur,CPNS,Umum,Pengembang Buku Elektronik,Pemerintah Kabupaten Luwu Timur | Dinas Perpustakaan Dan Kearsipan | Bidang Perpustakaan,1,1,3000000,4000000,3500000.0,1000000
c16c348a-83a9-4ffd-9e0f-4b95da44a6d1,Pemerintah Kab. Magelang,CPNS,Umum,Arsiparis Ahli Pertama,Pemerintah Kabupaten Magelang | Sekretariat Daerah | Asisten Administrasi Umum | Bagian Umum | Jabatan Fungsional,1,1,2500000,2900000,2700000.0,400000
626fa5a5-5f7f-4b05-a720-9c5a9fa64799,Pemerintah Kab. Magetan,CPNS,Umum,Penata Kelola Sistem Dan Teknologi Informasi,"Pemerintah Kabupaten Magetan | Dinas Pendidikan, Kepemudaan Dan Olahraga Kabupaten Magetan | Bidang Pendidik Dan Tenaga Kependidikan | Seksi Pembinaan Pendidik Dan Tenaga Kependidikan Sekolah Dasar",1,0,2785700,4785700,3785700.0,2000000
44b44eb0-05b3-44b1-a132-1128c0d532bb,Pemerintah Kab. Merangin,CPNS,Umum,Analis Pengembangan Kompetensi Asn Ahli Pertama,Bupati Merangin | Badan Kepegawaian Dan Pengembangan Sumber Daya Manusia Daerah | Bidang Pengembangan Dan Sumberdaya Manusia,2,1,2785700,5373234,4079467.0,2587534
33059ea8-533d-482e-a320-f0e3b954ac5b,Pemerintah Kab. Merangin,CPNS,Lulusan Terbaik,Perencana Ahli Pertama,Bupati Merangin | Badan Perencanaan Pembangunan Daerah | Bidang Pemerintahan Dan Pembangunan Manusia,1,1,2785700,5373234,4079467.0,2587534
57c8c06e-e47e-496e-ab34-6bf4ff6656df,Pemerintah Kab. Muara Enim,CPNS,Umum,Pengembang Teknologi Pembelajaran Ahli Pertama,Pemerintah Kabupaten Muara Enim | Dinas Pendidikan Dan Kebudayaan,1,1,2785700,3175698,2980699.0,389998
c9ca0d4f-b43c-40b4-980d-549c6d1e2954,Pemerintah Kab. Muara Enim,CPNS,Umum,Perencana Ahli Pertama,Pemerintah Kabupaten Muara Enim | Dinas Pendidikan Dan Kebudayaan,1,1,2785700,3175698,2980699.0,389998
ed6518aa-1224-427a-84b2-9f3341111aba,Pemerintah Kab. Muna Barat,CPNS,Umum,Pengembang Teknologi Pembelajaran Ahli Pertama,Pemerintah Kabupaten Muna Barat | Dinas Pendidikan Dan Kebudayaan | Bidang Pendidikan Dasar | Seksi Kurikulum Dan Penilaian,2,1,3461020,5126784,4293902.0,1665764
b5c63669-c7d5-48d0-88ea-e43d4803196f,Pemerintah Kab. Nagan Raya,CPNS,Umum,Analis Pengembangan Kompetensi Asn Ahli Pertama,"Pemerintah Kabupaten Nagan Raya | Badan Kepegawaian Dan Pengembangan Sumber Daya Manusia | Bidang Perencanaan, Pengembangan Sumber Daya Manusia Dan Diklat",1,1,3500000,4000000,3750000.0,500000
8a0186c9915938690191593edeaa0534,Pemerintah Kab. Ngawi,CPNS,Penyandang Disabilitas,Pengembang Buku Elektronik,Kabupaten Ngawi | Dinas Perpustakaan Dan Kearsipan | Bidang Perpustakaan,1,1,2785700,5180700,3983200.0,2395000
b67e0651-564a-4ddc-afe6-9356bed36679,Pemerintah Kab. Ngawi,CPNS,Umum,Pengembang Buku Elektronik,Kabupaten Ngawi | Dinas Perpustakaan Dan Kearsipan | Bidang Perpustakaan,1,1,2785700,5180700,3983200.0,2395000
98e85a3d-a385-4a1e-9a8d-d2badb0d111f,Pemerintah Kab. Nias,CPNS,Umum,Perencana Ahli Pertama,Pemerintah Kabupaten Nias | Dinas Pendidikan,4,1,1685700,6373200,4029450.0,4687500
791f3135-6771-4765-bf6f-ee6e942e3d9f,Pemerintah Kab. Nunukan,CPNS,Umum,Pengembang Teknologi Pembelajaran Ahli Pertama,Pemerintah Kabupaten Nunukan                                           | Dinas Pendidikan,1,1,2579400,5000000,3789700.0,2420600
038b6eb3-af04-41e6-ab82-900628ed6f23,Pemerintah Kab. Ogan Ilir,CPNS,Umum,Pengembang Teknologi Pembelajaran Ahli Pertama,Pemerintah Kabupaten Ogan Ilir | Dinas Pendidikan Dan Kebudayaan | Bidang Guru Dan Tenaga Kependidikan,1,1,3284564,3799983,3542273.5,515419
7ee2ca9c-9b7f-4fb0-ac23-e295ebc3e835,Pemerintah Kab. Ogan Komering Ulu Timur,CPNS,Umum,Arsiparis Ahli Pertama,Pemerintah Kabupaten Ogan Komering Ulu Timur | Dinas Perpustakaan Dan Kearsipan,1,1,2785700,3865698,3325699.0,1079998
00b6f42f-d681-43f6-91f8-041e2f031575,Pemerintah Kab. Ogan Komering Ulu Timur,CPNS,Umum,Polisi Pamong Praja Ahli Pertama,Pemerintah Kabupaten Ogan Komering Ulu Timur | Satuan Polisi Pamong Praja | Bidang Pembinaan Masyarakat Dan Sumber Daya Aparatur | Seksi Pembinaan Sumber Daya Aparatur,3,1,2785700,3865698,3325699.0,1079998
18184d05-0be8-4080-b0fc-f748bd7262b7,Pemerintah Kab. Ogan Komering Ulu Timur,CPNS,Umum,Polisi Pamong Praja Ahli Pertama,Pemerintah Kabupaten Ogan Komering Ulu Timur | Satuan Polisi Pamong Praja | Bidang Penegakan Peraturan Daerah | Seksi Penegakan,3,1,2785700,3865698,3325699.0,1079998
528385eb-a575-4123-9585-6cbbf3a24b4c,Pemerintah Kab. Ogan Komering Ulu Timur,CPNS,Umum,Polisi Pamong Praja Ahli Pertama,Pemerintah Kabupaten Ogan Komering Ulu Timur | Satuan Polisi Pamong Praja | Bidang Ketertiban Umum Dan Ketenteraman Masyarakat | Seksi Operasi Dan Pengendalian,3,1,2785700,3865698,3325699.0,1079998
779a9925-77be-4fb5-89c3-b2923850a3a6,Pemerintah Kab. Ogan Komering Ulu Timur,CPNS,Umum,Polisi Pamong Praja Ahli Pertama,Pemerintah Kabupaten Ogan Komering Ulu Timur | Satuan Polisi Pamong Praja | Bidang Ketertiban Umum Dan Ketenteraman Masyarakat | Seksi Ketertiban Umum,3,1,2785700,3865698,3325699.0,1079998
d0e47e15-53d7-4f3d-8271-e09062c91c01,Pemerintah Kab. Ogan Komering Ulu Timur,CPNS,Umum,Polisi Pamong Praja Ahli Pertama,Pemerintah Kabupaten Ogan Komering Ulu Timur | Satuan Polisi Pamong Praja | Bidang Penegakan Peraturan Daerah | Seksi Hubungan Antar Lembaga,3,1,2785700,3865698,3325699.0,1079998
d38ff5d5-d595-48d8-b34b-1e0e779ebd7f,Pemerintah Kab. Ogan Komering Ulu Timur,CPNS,Umum,Polisi Pamong Praja Ahli Pertama,Pemerintah Kabupaten Ogan Komering Ulu Timur | Satuan Polisi Pamong Praja | Bidang Perlindungan Masyarakat | Seksi Bimbingan Penyuluhan Dan Pelatihan,3,1,2785700,3865698,3325699.0,1079998
f1839d53-2d77-4f27-8379-50b562ac3405,Pemerintah Kab. Ogan Komering Ulu Timur,CPNS,Umum,Polisi Pamong Praja Ahli Pertama,Pemerintah Kabupaten Ogan Komering Ulu Timur | Satuan Polisi Pamong Praja | Bidang Pembinaan Masyarakat Dan Sumber Daya Aparatur | Seksi Pembinaan Masyarakat Dan Fasilitasi Kerjasama,3,1,2785700,3865698,3325699.0,1079998
f99665db-2de2-40e7-aede-024119a5500e,Pemerintah Kab. Ogan Komering Ulu Timur,CPNS,Umum,Polisi Pamong Praja Ahli Pertama,"Pemerintah Kabupaten Ogan Komering Ulu Timur | Satuan Polisi Pamong Praja | Bidang Perlindungan Masyarakat | Seksi Kewaspadaan Dini, Data Dan Informasi",3,1,2785700,3865698,3325699.0,1079998
0fa8724b-aa8f-4f54-b976-5c3b271bfeb6,Pemerintah Kab. Pelalawan,CPNS,Umum,Arsiparis Ahli Pertama,Pemerintah Kabupaten Pelalawan                                         | Dinas Kearsipan Dan Perpustakaan | Bidang Pembinaan Arsip,1,1,2785700,3600000,3192850.0,814300
acd4cc6c-2b80-4591-af6f-3e75bf745ed1,Pemerintah Kab. Pemalang,CPNS,Umum,Pengembang Teknologi Pembelajaran Ahli Pertama,Pemerintah Kabupaten Pemalang | Dinas Pendidikan Dan Kebudayaan | Bidang Pembinaan Pendidikan Dasar | Seksi Sekolah Dasar,1,1,2300000,2800000,2550000.0,500000
f5cdecb7-d239-4023-bfc0-a4d043dfb6e4,Pemerintah Kab. Pemalang,CPNS,Umum,Pengembang Teknologi Pembelajaran Ahli Pertama,Pemerintah Kabupaten Pemalang | Dinas Pendidikan Dan Kebudayaan | Bidang Pembinaan Pendidikan Dasar | Seksi Sekolah Menengah Pertama,1,1,2300000,2800000,2550000.0,500000
3376c19a-1048-43fe-b264-bf9db48e40b1,Pemerintah Kab. Pidie Jaya,CPNS,Umum,Analis Kebijakan Ahli Pertama,Pemerintah Kabupaten Pidie Jaya | Dinas Pendidikan Dan Kebudayaan,1,1,2785000,3700000,3242500.0,915000
718581d4-994a-4b4a-8ad0-842d139008a2,Pemerintah Kab. Pulang Pisau,CPNS,Umum,Pengembang Teknologi Pembelajaran Ahli Pertama,Pemerintah Kab. Pulang Pisau | Sekretariat Daerah | Dinas Pendidikan,2,1,2785700,5000000,3892850.0,2214300
3b0a4147-c0d1-4f3c-ad81-9dd6c17d0209,Pemerintah Kab. Rote Ndao,CPNS,Umum,Pengembang Teknologi Pembelajaran Ahli Pertama,"Pemerintah Kabupaten Rote Ndao | Dinas Pendidikan, Kepemudaan Dan Olahraga | Bidang Guru Dan Tenaga Kependidikan",1,1,2000000,3000000,2500000.0,1000000
fabcf94b-f2c3-4a29-940f-710df543910a,Pemerintah Kab. Rote Ndao,CPNS,Umum,Pengembang Teknologi Pembelajaran Ahli Pertama,"Pemerintah Kabupaten Rote Ndao | Dinas Pendidikan, Kepemudaan Dan Olahraga | Bidang Pendidikan Dan Pengajaran",2,1,2000000,3000000,2500000.0,1000000
31040801-db34-48ab-a95f-40ddbdb2f83d,Pemerintah Kab. Sanggau,CPNS,Umum,Pengembang Teknologi Pembelajaran Ahli Pertama,Pemerintah Kabupaten Sanggau | Dinas Pendidikan Dan Kebudayaan Kab. Sanggau | Bidang Pembinaan Pendidikan Smp,1,1,3500000,4500000,4000000.0,1000000
6a65b5dc-fac7-401c-9c46-4d4674012ff3,Pemerintah Kab. Sanggau,CPNS,Umum,Pengembang Teknologi Pembelajaran Ahli Pertama,Pemerintah Kabupaten Sanggau | Dinas Pendidikan Dan Kebudayaan Kab. Sanggau | Bidang Pembinaan Pendidikan Sd,1,1,3500000,4500000,4000000.0,1000000
9c4d90ed-fa43-46a4-95b4-4bdaeb0e871a,Pemerintah Kab. Sanggau,CPNS,Umum,Pengembang Teknologi Pembelajaran Ahli Pertama,Pemerintah Kabupaten Sanggau | Dinas Pendidikan Dan Kebudayaan Kab. Sanggau | Bidang Pembinaan Pendidikan Anak Usia Dini Dan Pendidikan Nonformal,1,1,3500000,4500000,4000000.0,1000000
6c2cd882-d0fa-4944-bbeb-e99fee11305e,Pemerintah Kab. Sanggau,CPNS,Umum,Surveyor Pemetaan Ahli Pertama,"Pemerintah Kabupaten Sanggau | Dinas Perumahan Rakyat, Kawasan Permukiman, Dan Pertanahan Kabupaten Sanggau | Bidang Pertanahan",1,1,3500000,4500000,4000000.0,1000000
b48c9f9b-256a-4d31-aaa2-8290f1b715e3,Pemerintah Kab. Sarolangun,CPNS,Umum,Pengembang Teknologi Pembelajaran Ahli Pertama,Pemerintah Kabupaten Sarolangun | Dinas Pendidikan Dan Kebudayaan,2,1,2785700,3917812,3351756.0,1132112
80ce56a7-9351-489f-aa55-d971f7652774,Pemerintah Kab. Seluma,CPNS,Umum,Pengembang Teknologi Pembelajaran Ahli Pertama,Pemerintah Kabupaten Seluma | Dinas Pendidikan Dan Kebudayaan | Bidang Pendidikan Sekolah Dasar,6,0,3200000,5000000,4100000.0,1800000
265e7f82-3979-43da-9dd2-a367bc4b35bd,Pemerintah Kab. Sidenreng Rappang,CPNS,Umum,Pengelola Pengadaan Barang dan Jasa Ahli Pertama,Pemerintah Kabupaten Sidenreng Rappang | Sekretariat Daerah | Asisten Perekonomian Dan Pembangunan | Bagian Pengadaan Barang / Jasa,3,0,3043200,3650400,3346800.0,607200
ff0296bc-af89-481e-a581-2875b4f2c873,Pemerintah Kab. Sidenreng Rappang,CPNS,Umum,Pengembang Teknologi Pembelajaran Ahli Pertama,Pemerintah Kabupaten Sidenreng Rappang | Dinas Pendidikan Dan Kebudayaan | Bidang  Pembinaan Pendidikan Dasar,2,0,3043200,3650400,3346800.0,607200
69bc07a9-52e5-4092-b353-e20948fbb6a2,Pemerintah Kab. Sikka,CPNS,Umum,Pengembang Teknologi Pembelajaran Ahli Pertama,"Pemerintah Kabupaten Sikka | Dinas Pendidikan, Kepemudaan Dan Olahraga Kabupaten Sikka | Bidang  Ketenagaan",1,0,2785700,4575200,3680450.0,1789500
1acf9f49-d582-4282-a22c-8dd5049dcffb,Pemerintah Kab. Sintang,CPNS,Umum,Pengembang Teknologi Pembelajaran Ahli Pertama,Pemerintah Kabupaten Sintang | Dinas Pendidikan Dan Kebudayaan | Bidang Pembinaan Sekolah Menengah Pertama | Seksi Kurikulum Dan Penilaian Sekolah Menengah Pertama,1,0,2787700,4575200,3681450.0,1787500
e308caec-39a8-4536-8cf3-0ebfbb90ae84,Pemerintah Kab. Subang,CPNS,Umum,Pengembang Teknologi Pembelajaran Ahli Pertama,Pemerintah Kabupaten Subang | Dinas Pendidikan Dan Kebudayaan | Bidang Pembinaan Ketenagaan Pendidik Dan Tenaga Kependidikan Disdikbud,1,1,3200000,4000000,3600000.0,800000
0c055aaf-dcd3-43f6-bc23-5d0aaa956ac0,Pemerintah Kab. Sukoharjo,CPNS,Umum,Pengembang Teknologi Pembelajaran Ahli Pertama,Pemerintah Kabupaten Sukoharjo | Dinas Pendidikan Dan Kebudayaan | Bidang Pembinaan Paud Dan Pendidikan Non Formal,1,1,4000000,4500000,4250000.0,500000
81750b31-79ed-408a-a51c-8d131b36e8f4,Pemerintah Kab. Sumba Barat,CPNS,Umum,Pengembang Buku Elektronik,"Pemerintah Kabupaten Sumba Barat | Dinas Pariwisata, Ekonomi Kreatif Dan Kebudayaan | Bidang Kebudayaan",1,0,2785700,4575200,3680450.0,1789500
91ad433b-7b9c-48d0-8300-33bb1ca91a80,Pemerintah Kab. Sumba Barat Daya,CPNS,Umum,Pengembang Teknologi Pembelajaran Ahli Pertama,Pemerintah Kabupaten Sumba Barat Daya | Dinas Pendidikan Dan Kebudayaan | Bidang Pengelolaan Sekolah Dasar,2,0,3300000,5000000,4150000.0,1700000
d45e1303-edc8-4d48-8da7-45e83375ba9d,Pemerintah Kab. Sumba Barat Daya,CPNS,Umum,Pengembang Teknologi Pembelajaran Ahli Pertama,Pemerintah Kabupaten Sumba Barat Daya | Dinas Pendidikan Dan Kebudayaan | Bidang Pengelolaan Sekolah Dasar | Seksi Kurikulum Dan Peningkatan Mutu,1,0,3300000,5000000,4150000.0,1700000
8311e768-4230-4cf5-aa5b-5504a402cc1d,Pemerintah Kab. Sumba Barat Daya,CPNS,Umum,Polisi Pamong Praja Ahli Pertama,Pemerintah Kabupaten Sumba Barat Daya | Satuan Polisi Pamong Praja | Bidang Perlindungan Masyarakat,5,1,3300000,5000000,4150000.0,1700000
2b54989d-6f38-418c-9b20-8947bd6ba9da,Pemerintah Kab. Sumba Timur,CPNS,Umum,Penata Kependudukan Dan Keluarga Berencana Ahli Pertama,"Pemerintah Kabupaten Sumba Timur | Dinas Pemberdayaan Perempuan, Perlindungan Anak, Pengendalian Penduduk Dan Keluarga Berencana",2,1,2700000,4500000,3600000.0,1800000
ef3b6f23-e793-4001-9542-b38e6a773735,Pemerintah Kab. Sumba Timur,CPNS,Umum,Pengembang Teknologi Pembelajaran Ahli Pertama,"Pemerintah Kabupaten Sumba Timur | Dinas Pendidikan, Kepemudaan Dan Olahraga",3,1,2700000,4500000,3600000.0,1800000
885b62e7-1726-49aa-961d-1f161a9cdc22,Pemerintah Kab. Sumba Timur,CPNS,Umum,Polisi Pamong Praja Ahli Pertama,Pemerintah Kabupaten Sumba Timur | Satuan Polisi Pamong Praja,3,0,2700000,4500000,3600000.0,1800000
1fefdcc3-c26f-46cb-b0fd-7860cb1e4ffb,Pemerintah Kab. Tanjung Jabung Timur,CPNS,Umum,Pengelola Pengadaan Barang dan Jasa Ahli Pertama,Pemerintah Kabupaten Tanjung Jabung Timur | Sekretariat Daerah | Asisten Perekonomian Dan Pembangunan | Bagian Pengadaan Barang Dan Jasa,1,0,2000000,5000000,3500000.0,3000000
6039e098-d080-4612-8a20-bf8208af9cb5,Pemerintah Kab. Tanjung Jabung Timur,CPNS,Umum,Polisi Pamong Praja Ahli Pertama,Pemerintah Kabupaten Tanjung Jabung Timur | Satuan Polisi Pamong Praja Dan Pemadam Kebakaran,5,0,2000000,5000000,3500000.0,3000000
caa9342a-0bb7-4d4b-b6f9-577436585ac6,Pemerintah Kab. Tapanuli Selatan,CPNS,Umum,Analis Pengembangan Kompetensi Asn Ahli Pertama,Pemerintah Kabupaten Tapanuli Selatan | Badan Kepegawaian Daerah | Bidang Pengadaan Dan Pengembangan Informasi Pegawai,1,1,2785700,5180700,3983200.0,2395000
2868b047-5995-4f41-a34c-c26fee07ed8a,Pemerintah Kab. Tebo,CPNS,Umum,Penggerak Swadaya Masyarakat Ahli Pertama,"Pemerintah Kabupaten Tebo | Dinas Sosial, Pemberdayaan Perempuan Dan Perlindungan Anak | Bidang Kualitas Hidup Perempuan Dan Pemenuhan Hak Anak",1,1,2785700,3465700,3125700.0,680000
c0c8023f-e90e-4182-8df8-b76bc8952c17,Pemerintah Kab. Tebo,CPNS,Umum,Pranata Hubungan Masyarakat Ahli Pertama,Pemerintah Kabupaten Tebo | Sekretariat Dprd | Bagian Persidangan Dan Perundang-Undangan,1,1,2785700,3465778,3125739.0,680078
6eb890a4-bf43-48c2-aa59-9eaade85ba29,Pemerintah Kab. Timor Tengah Selatan,CPNS,Umum,Pengembang Buku Elektronik,Pemerintah Kabupaten Timor Tengah Selatan | Dinas Pendidikan Dan Kebudayaan | Bidang Pembinaan Paud Dan Pendidikan Non Formal,1,1,2700000,3200000,2950000.0,500000
8a0384979144c543019145706a622040,Pemerintah Kab. Timor Tengah Utara,CPNS,Penyandang Disabilitas,Arsiparis Ahli Pertama,Pemerintah Kabupaten Timor Tengah Utara | Dinas Perpustakaan Dan Kerarsipan | Bidang Pengelolaan Arsip,1,1,2789000,5000000,3894500.0,2211000
44e33767-bbc9-4cbd-8781-64c4bd8fd62c,Pemerintah Kab. Timor Tengah Utara,CPNS,Umum,Arsiparis Ahli Pertama,Pemerintah Kabupaten Timor Tengah Utara | Dinas Perpustakaan Dan Kerarsipan | Bidang Pengelolaan Arsip,1,1,2789000,5000000,3894500.0,2211000
b88ac030-55eb-4046-b277-5171bd816ea9,Pemerintah Kab. Timor Tengah Utara,CPNS,Umum,Polisi Pamong Praja Ahli Pertama,Pemerintah Kabupaten Timor Tengah Utara | Satuan Polisi Pamong Praja | Bidang Penegakan Produk Hukum Daerah,6,0,2789000,5000000,3894500.0,2211000
b9492551-3f17-4de6-afc0-3080f7ba3afb,Pemerintah Kab. Wakatobi,CPNS,Umum,Arsiparis Ahli Pertama,Pemerintah Kabupaten Wakatobi | Badan Kepegawaian Dan Pengembangan Sumber Daya Manusia,1,1,2785700,4575200,3680450.0,1789500
fd6275c9-7322-45fc-b997-6639cb9594b1,Pemerintah Kab. Wakatobi,CPNS,Umum,Arsiparis Ahli Pertama,"Pemerintah Kabupaten Wakatobi | Badan Perencanaan, Penelitian Dan Pengembangan Daerah",1,1,2785700,4575200,3680450.0,1789500
8a02826391606efe019165dd39fe2c20,Pemerintah Kab. Wakatobi,CPNS,Penyandang Disabilitas,Pengelola Pengadaan Barang dan Jasa Ahli Pertama,Pemerintah Kabupaten Wakatobi | Sekretariat Daerah | Asisten Perekonomian Dan Pembangunan | Bagian Pengadaan Barang/Jasa,1,1,2785700,4575200,3680450.0,1789500
c40bb39f-559c-47f3-8b52-b10eb9e588ef,Pemerintah Kab. Wakatobi,CPNS,Umum,Pengelola Pengadaan Barang dan Jasa Ahli Pertama,Pemerintah Kabupaten Wakatobi | Sekretariat Daerah | Asisten Perekonomian Dan Pembangunan | Bagian Pengadaan Barang/Jasa,3,1,2785700,4575200,3680450.0,1789500
d1ad7a7f-f401-4c58-a612-3dbffc048e0b,Pemerintah Kab. Wakatobi,CPNS,Umum,Pengembang Teknologi Pembelajaran Ahli Pertama,Pemerintah Kabupaten Wakatobi | Dinas Pendidikan Dan Kebudayaan | Bidang Pembinaan Pendidikan Dasar,1,1,2785700,4575200,3680450.0,1789500
44214d52-08d5-42d9-ae33-0f70b02fa4ff,Pemerintah Kab. Wakatobi,CPNS,Umum,Perencana Ahli Pertama,Pemerintah Kabupaten Wakatobi | Dinas Pendidikan Dan Kebudayaan | Sekretaris Dinas Pendidikan Dan Kebudayaan,1,1,2785700,4575200,3680450.0,1789500
7e1ddc6f-8491-454e-bd8e-586dacf0a173,Pemerintah Kab. Wakatobi,CPNS,Umum,Polisi Pamong Praja Ahli Pertama,Pemerintah Kabupaten Wakatobi | Satuan Polisi Pamong Praja Dan Pemadam Kebakaran,5,1,2785700,4575200,3680450.0,1789500
8a0384ba915598f40191588e25de0898,Pemerintah Kota Bontang,CPNS,Penyandang Disabilitas,Pengembang Teknologi Pembelajaran Ahli Pertama,Pemerintah Kota Bontang | Dinas Pendidikan Dan Kebudayaan | Bidang Pembinaan Paud Dan Pendidikan Non Formal,1,1,7685700,11715700,9700700.0,4030000
96e7af2d-8995-4297-a35a-529490a82daa,Pemerintah Kota Bontang,CPNS,Umum,Pengembang Teknologi Pembelajaran Ahli Pertama,Pemerintah Kota Bontang | Dinas Pendidikan Dan Kebudayaan | Bidang Pembinaan Paud Dan Pendidikan Non Formal,1,1,7685700,11715700,9700700.0,4030000
55e81ebd-a05d-4adb-984a-a488f1d24118,Pemerintah Kota Cimahi,CPNS,Umum,Pengembang Teknologi Pembelajaran Ahli Pertama,Pemerintah Daerah Kota Cimahi | Dinas Pendidikan,1,1,2785700,4575200,3680450.0,1789500
8a0186cc9159ace501915a6ab7097c5b,Pemerintah Kota Prabumulih,CPNS,Penyandang Disabilitas,Pengembang Teknologi Pembelajaran Ahli Pertama,Pemerintah Kota Prabumulih | Dinas Pendidikan Dan Kebudayaan,1,1,2325600,3325600,2825600.0,1000000
e1e47602-60a9-4938-8929-cf1413d48bfa,Pemerintah Kota Prabumulih,CPNS,Umum,Pengembang Teknologi Pembelajaran Ahli Pertama,Pemerintah Kota Prabumulih | Dinas Pendidikan Dan Kebudayaan,1,1,2325600,3325600,2825600.0,1000000
8e12aa6b-a509-4311-b203-40ab858885d2,Pemerintah Kota Serang,CPNS,Umum,Instruktur Ahli Pertama,Pemerintah Kota Serang | Dinas Tenaga Kerja Dan Transmigrasi,1,1,2485960,3093158,2789559.0,607198
43cea258-8d1b-417d-82fc-072743f46cef,Pemerintah Kota Tual,CPNS,Umum,Penata Kelola Sistem Dan Teknologi Informasi,Walikota Tual | Sekretariat Daerah Kota Tual | Dinas Komunikasi Dan Informatika,3,0,2000000,5000000,3500000.0,3000000
668d252a-fd9c-4a51-bb22-234613253927,Pemerintah Kota Tual,CPNS,Umum,Penata Kelola Sistem Dan Teknologi Informasi,Walikota Tual | Sekretariat Daerah Kota Tual | Dinas Pendidikan Dan Kebudayaan | Bidang Pendidikan Dasar,1,0,2000000,5000000,3500000.0,3000000
9226748d-3284-42d7-8964-3cf868455ec7,Pemerintah Kota Tual,CPNS,Umum,Penata Kelola Sistem Dan Teknologi Informasi,Walikota Tual | Sekretariat Daerah Kota Tual | Dinas Pendidikan Dan Kebudayaan | Bidang Peningkatan Mutu Pendidikan Dan Tenaga Pendidikan,1,0,2000000,5000000,3500000.0,3000000
99a7c9cc-843b-43ab-a000-e33a3bdae0fe,Pemerintah Provinsi Daerah Khusus Ibukota Jakarta,CPNS,Umum,Analis Kebijakan Ahli Pertama,Pemerintah Provinsi Dki Jakarta | Sekretariat Daerah | Asisten Kesejahteraan Rakyat | Biro Pendidikan Dan Mental Spiritual | Kelompok Pendidikan | Subkelompok Pendidikan Menengah,1,1,7088560,21505700,14297130.0,14417140
8a03849a9149c64e01914a1d18fa26ce,Pemerintah Provinsi Daerah Khusus Ibukota Jakarta,CPNS,Lulusan Terbaik,Analis Pengembangan Kompetensi Asn Ahli Pertama,"Pemerintah Provinsi Dki Jakarta | Badan Pengembangan Sumber Daya Manusia | Bidang Analisis Kebutuhan, Perancangan, Pengembangan Dan Evaluasi Badan Pengembangan Sumber Daya Manusia | Subkelompok Perancangan Dan Pengembangan",1,1,7088560,21505700,14297130.0,14417140
083477d2-a380-4063-a142-2660301f5c0d,Pemerintah Provinsi Daerah Khusus Ibukota Jakarta,CPNS,Umum,Analis Pengembangan Kompetensi Asn Ahli Pertama,Pemerintah Provinsi Dki Jakarta | Badan Pengembangan Sumber Daya Manusia | Upt Pusat Data Dan Informasi Pengembangan Sumber Daya Manusia | Satuan Pelaksana Teknologi Pembelajaran Pembelajaran,1,1,7088560,21505700,14297130.0,14417140
50ea6dcc-4709-4a3d-acfc-2bd9e63fe035,Pemerintah Provinsi Daerah Khusus Ibukota Jakarta,CPNS,Umum,Analis Pengembangan Kompetensi Asn Ahli Pertama,"Pemerintah Provinsi Dki Jakarta | Badan Pengembangan Sumber Daya Manusia | Bidang Analisis Kebutuhan, Perancangan, Pengembangan Dan Evaluasi Badan Pengembangan Sumber Daya Manusia | Subkelompok Analisis Kebutuhan",1,1,7088560,21505700,14297130.0,14417140
6292f357-816a-4b7c-8de0-d061515b3915,Pemerintah Provinsi Daerah Khusus Ibukota Jakarta,CPNS,Umum,Analis Pengembangan Kompetensi Asn Ahli Pertama,"Pemerintah Provinsi Dki Jakarta | Badan Pengembangan Sumber Daya Manusia | Bidang Analisis Kebutuhan, Perancangan, Pengembangan Dan Evaluasi Badan Pengembangan Sumber Daya Manusia | Subkelompok Evaluasi",1,1,7088560,21505700,14297130.0,14417140
79620f0b-128a-406a-9dc7-1d92800a0d99,Pemerintah Provinsi Daerah Khusus Ibukota Jakarta,CPNS,Umum,Analis Pengembangan Kompetensi Asn Ahli Pertama,"Pemerintah Provinsi Dki Jakarta | Badan Pengembangan Sumber Daya Manusia | Bidang Pengembangan Kompetensi Dasar, Manajerial Dan Fungsional Badan Pengembangan Sumber Daya Manusia | Subkelompok Pengembangan Kompetensi Manajerial",1,1,7088560,21505700,14297130.0,14417140
a7048f3d-3253-4d50-bc53-8761c7609d6a,Pemerintah Provinsi Daerah Khusus Ibukota Jakarta,CPNS,Umum,Analis Pengembangan Kompetensi Asn Ahli Pertama,"Pemerintah Provinsi Dki Jakarta | Badan Pengembangan Sumber Daya Manusia | Bidang Penjaminan Mutu, Tugas Belajar Dan Sertifikasi Kompetensi | Subkelompok Sertifikasi Kompetensi",2,1,7088560,21505700,14297130.0,14417140
ca34ef44-9089-4f38-95f6-f6dfa69e61a7,Pemerintah Provinsi Daerah Khusus Ibukota Jakarta,CPNS,Umum,Analis Pengembangan Kompetensi Asn Ahli Pertama,"Pemerintah Provinsi Dki Jakarta | Badan Pengembangan Sumber Daya Manusia | Bidang Pengembangan Kompetensi Dasar, Manajerial Dan Fungsional Badan Pengembangan Sumber Daya Manusia | Subkelompok Pengembangan Kompetensi Fungsional",1,1,7088560,21505700,14297130.0,14417140
f581687f-824a-4489-a44c-70c63f39ee73,Pemerintah Provinsi Daerah Khusus Ibukota Jakarta,CPNS,Umum,Analis Pengembangan Kompetensi Asn Ahli Pertama,"Pemerintah Provinsi Dki Jakarta | Badan Pengembangan Sumber Daya Manusia | Bidang Analisis Kebutuhan, Perancangan, Pengembangan Dan Evaluasi Badan Pengembangan Sumber Daya Manusia | Subkelompok Perancangan Dan Pengembangan",1,1,7088560,21505700,14297130.0,14417140
0c41a017-8a62-494e-9fed-10650fe11912,Pemerintah Provinsi Daerah Khusus Ibukota Jakarta,CPNS,Umum,Pengembang Teknologi Pembelajaran Ahli Pertama,Pemerintah Provinsi Dki Jakarta | Dinas Pendidikan Provinsi Dki Jakarta | Pusat Pelatihan Dan Pengembangan Pendidikan Kota Administrasi Jakarta Selatan | Satuan Pelaksana Pelatihan Dan Pengembangan Pendidik,1,1,7088560,21505700,14297130.0,14417140
17942621-f929-4efd-a52f-2a66ad54f207,Pemerintah Provinsi Daerah Khusus Ibukota Jakarta,CPNS,Umum,Pengembang Teknologi Pembelajaran Ahli Pertama,Pemerintah Provinsi Dki Jakarta | Dinas Pendidikan Provinsi Dki Jakarta | Pusat Pelatihan Dan Pengembangan Pendidikan Kota Administrasi Jakarta Pusat | Satuan Pelaksana Pelatihan Dan Pengembangan Pendidik,1,1,7088560,21505700,14297130.0,14417140
754c7d5a-0b35-4753-950f-25a9f21433c7,Pemerintah Provinsi Daerah Khusus Ibukota Jakarta,CPNS,Umum,Pengembang Teknologi Pembelajaran Ahli Pertama,Pemerintah Provinsi Dki Jakarta | Dinas Pendidikan Provinsi Dki Jakarta | Pusat Pelatihan Dan Pengembangan Pendidikan Kota Administrasi Jakarta Timur | Satuan Pelaksana Pelatihan Dan Pengembangan Kompetensi Kejuruan,1,1,7088560,21505700,14297130.0,14417140
7888f105-e84f-4e7d-8697-4aaa9bd90233,Pemerintah Provinsi Daerah Khusus Ibukota Jakarta,CPNS,Umum,Pengembang Teknologi Pembelajaran Ahli Pertama,Pemerintah Provinsi Dki Jakarta | Dinas Pendidikan Provinsi Dki Jakarta | Pusat Pelatihan Dan Pengembangan Pendidikan Kota Adm. Jakarta Utara Dan Kab. Adm. Kep. Seribu | Satuan Pelaksana Pelatihan Dan Pengembangan Pendidik,1,1,7088560,21505700,14297130.0,14417140
9448489a-115e-4789-955e-e7662c7ee45a,Pemerintah Provinsi Daerah Khusus Ibukota Jakarta,CPNS,Umum,Pengembang Teknologi Pembelajaran Ahli Pertama,Pemerintah Provinsi Dki Jakarta | Dinas Pendidikan Provinsi Dki Jakarta | Pusat Pelatihan Dan Pengembangan Pendidikan Kota Administrasi Jakarta Timur | Satuan Pelaksana Pelatihan Dan Pengembangan Pendidik,1,1,7088560,21505700,14297130.0,14417140
b0852add-87a7-43be-a4a0-f55156b15d85,Pemerintah Provinsi Daerah Khusus Ibukota Jakarta,CPNS,Umum,Pengembang Teknologi Pembelajaran Ahli Pertama,Pemerintah Provinsi Dki Jakarta | Dinas Pendidikan Provinsi Dki Jakarta | Pusat Pelatihan Dan Pengembangan Pendidikan Kota Administrasi Jakarta Barat | Satuan Pelaksana Pelatihan Dan Pengembangan Kompetensi Kejuruan,1,1,7088560,21505700,14297130.0,14417140
ba9c5414-8a8f-4d46-bd70-01717feb57cf,Pemerintah Provinsi Daerah Khusus Ibukota Jakarta,CPNS,Umum,Pengembang Teknologi Pembelajaran Ahli Pertama,Pemerintah Provinsi Dki Jakarta | Dinas Pendidikan Provinsi Dki Jakarta | Pusat Pelatihan Dan Pengembangan Pendidikan Kota Administrasi Jakarta Pusat | Satuan Pelaksana Pelatihan Dan Pengembangan Kompetensi Kejuruan,1,1,7088560,21505700,14297130.0,14417140
c6d52b51-2d55-43c2-bd86-f17c8d0d7909,Pemerintah Provinsi Daerah Khusus Ibukota Jakarta,CPNS,Umum,Pengembang Teknologi Pembelajaran Ahli Pertama,"Pemerintah Provinsi Dki Jakarta | Badan Pengembangan Sumber Daya Manusia | Bidang Analisis Kebutuhan, Perancangan, Pengembangan Dan Evaluasi Badan Pengembangan Sumber Daya Manusia | Subkelompok Perancangan Dan Pengembangan",1,1,7088560,21505700,14297130.0,14417140
cfb88933-1fe2-44f5-a001-c47bd7093b4c,Pemerintah Provinsi Daerah Khusus Ibukota Jakarta,CPNS,Umum,Pengembang Teknologi Pembelajaran Ahli Pertama,Pemerintah Provinsi Dki Jakarta | Dinas Pendidikan Provinsi Dki Jakarta | Pusat Pelatihan Dan Pengembangan Pendidikan Kota Administrasi Jakarta Barat | Satuan Pelaksana Pelatihan Dan Pengembangan Pendidik,1,1,7088560,21505700,14297130.0,14417140
d5f32bb8-4b6e-44a1-8562-a33bfd159b01,Pemerintah Provinsi Daerah Khusus Ibukota Jakarta,CPNS,Umum,Pengembang Teknologi Pembelajaran Ahli Pertama,Pemerintah Provinsi Dki Jakarta | Dinas Pendidikan Provinsi Dki Jakarta | Pusat Pelatihan Dan Pengembangan Pendidikan Kota Administrasi Jakarta Selatan | Satuan Pelaksana Pelatihan Dan Pengembangan Kompetensi Kejuruan,1,1,7088560,21505700,14297130.0,14417140
e2508055-6325-4353-9aa6-1925e3528c6c,Pemerintah Provinsi Daerah Khusus Ibukota Jakarta,CPNS,Umum,Pengembang Teknologi Pembelajaran Ahli Pertama,Pemerintah Provinsi Dki Jakarta | Dinas Pendidikan Provinsi Dki Jakarta | Pusat Pelatihan Dan Pengembangan Pendidikan Kota Adm. Jakarta Utara Dan Kab. Adm. Kep. Seribu | Satuan Pelaksana Pelatihan Dan Pengembangan Kompetensi Kejuruan,1,1,7088560,21505700,14297130.0,14417140
f11927e3-daff-48eb-94a1-a668a00b8f9d,Pemerintah Provinsi Daerah Khusus Ibukota Jakarta,CPNS,Umum,Pengembang Teknologi Pembelajaran Ahli Pertama,Pemerintah Provinsi Dki Jakarta | Badan Pengembangan Sumber Daya Manusia | Upt Pusat Data Dan Informasi Pengembangan Sumber Daya Manusia | Satuan Pelaksana Teknologi Pembelajaran Pembelajaran,1,1,7088560,21505700,14297130.0,14417140
2051f4af-9b92-4e29-93e5-e3817d90aede,Pemerintah Provinsi Jawa Barat,CPNS,Umum,Pengembang Teknologi Pembelajaran Ahli Pertama,Pemerintah Daerah Provinsi Jawa Barat | Dinas Pendidikan | Balai Teknologi Informasi Dan Komunikasi Pendidikan,2,0,3000000,5000000,4000000.0,2000000
940c103f-8668-4f1e-892e-f4c6499323b6,Pemerintah Provinsi Jawa Timur,CPNS,Umum,Pengembang Teknologi Pembelajaran Ahli Pertama,Pemerintah Provinsi Jawa Timur | Badan Pengembangan Sumber Daya Manusia | Bidang Pengembangan Pengajaran Kompetensi,1,0,5215700,13275700,9245700.0,8060000
46ab6a60-0ee8-47e5-be11-1ef9fc7aeea6,Pemerintah Provinsi Kalimantan Selatan,CPNS,Umum,Polisi Pamong Praja Ahli Pertama,Pemerintah Provinsi Kalimantan Selatan | Satuan Polisi Pamong Praja Dan Pemadam Kebakaran | Bidang Ketertiban Umum Dan Ketentraman Masyarakat | Seksi Operasional Dan Pengendalian,9,0,2785700,5000000,3892850.0,2214300
fe6fd72a-14c5-4728-935b-9fdd4b8560f8,Pemerintah Provinsi Lampung,CPNS,Umum,Pengembang Buku Elektronik,"Pemerintah Provinsi Lampung | Dinas Perpustakaan Dan Kearsipan | Bidang Deposit, Akuisisi Dan Pengelolaan Bahan Pustaka",3,1,2228560,4228560,3228560.0,2000000
8a03849f914ed85101914f0913ad45d4,Pemerintah Provinsi Papua Tengah,CPNS,Orang Asli Papua (Oap),Pengembang Teknologi Pembelajaran Ahli Pertama,Pemerintah Provinsi Papua Tengah | Dinas Pendidikan Dan Kebudayaan,20,1,3000000,8000000,5500000.0,5000000
32467d56-dd01-4080-9d5e-39622e7b8472,Pemerintah Provinsi Papua Tengah,CPNS,Umum (Non Oap),Pengembang Teknologi Pembelajaran Ahli Pertama,Pemerintah Provinsi Papua Tengah | Dinas Pendidikan Dan Kebudayaan,10,1,3000000,8000000,5500000.0,5000000
4b22a9b4-ebe2-4f7b-8394-540a60bf3e40,Pemerintah Provinsi Sulawesi Tenggara,CPNS,Umum,Penata Kelola Sistem Dan Teknologi Informasi,Pemerintah Sulawesi Tenggara | Sekretariat Daerah | Dinas Kepemudaan Dan Olahraga | Sekretariat,4,1,3000000,5000000,4000000.0,2000000
a246b06c-ed0b-4b84-ad57-ea812bcadde5,Pemerintah Provinsi Sumatera Utara,CPNS,Umum,Pengembang Teknologi Pembelajaran Ahli Pertama,Pemerintah Provinsi Sumatera Utara | Dinas Kesehatan | Unit Pelaksana Teknis Daerah Pelatihan Kesehatan | Seksi Pelatihan Fungsional.,1,1,2228560,2451416,2339988.0,222856
e294ba22-41a6-4136-bc3b-0471de8db884,Pemerintah Provinsi Sumatera Utara,CPNS,Umum,Pengembang Teknologi Pembelajaran Ahli Pertama,Pemerintah Provinsi Sumatera Utara | Dinas Kesehatan | Unit Pelaksana Teknis Daerah Pelatihan Kesehatan | Seksi Pelatihan Manajemen Dan Teknis.,1,1,2228560,2451416,2339988.0,222856
01e24516-be08-4ab9-ad57-7720b7867a02,Perpustakaan Nasional RI,CPNS,Umum,Pengembang Teknologi Pembelajaran Ahli Pertama,Perpustakaan Nasional Ri | Pusat Pendidikan Dan Pelatihan,2,0,7457120,7791404,7624262.0,334284
8a0384b491502874019150d3012530fd,Sekretariat Jenderal DPR RI,CPNS,Umum,Pengembang Teknologi Pembelajaran Ahli Pertama,Sekretariat Jenderal | Pusat Pengembangan Kompetensi Sumber Daya Manusia Legislatif,4,1,2785700,6644700,4715200.0,3859000
