"formasi_id","ins_nm","jp_nama","formasi_nm","jabatan_nm","lokasi_nm","jumlah_formasi","disable","gaji_min","gaji_max"
"cdcc2e1f-8525-44cc-b9bf-d68d1f49f444","Badan Informasi Geospasial","CPNS","UMUM","PENGEMBANG TEKNOLOGI PEMBELAJARAN AHLI PERTAMA","Badan Informasi Geospasial | PUSAT PENGEMBANGAN KOMPETENSI INFORMASI GEOSPASIAL","1","1","5500000","7800000"
"5b4731bc-5706-4489-8d4f-47499424194d","Badan Intelijen Negara","CPNS","UMUM","PENELAAH TEKNIS INTELIJEN","BADAN INTELIJEN NEGARA | SEKRETARIAT UTAMA | PUSAT PENDIDIKAN DAN PELATIHAN","16","0","3500000","7500000"
"afcd8c04-f615-441b-880c-06f6a9a03e24","Badan Intelijen Negara","CPNS","UMUM","PENELAAH TEKNIS INTELIJEN","BADAN INTELIJEN NEGARA | SEKRETARIAT UTAMA | PUSAT PENDIDIKAN DAN PELATIHAN | BIDANG PENDIDIKAN","4","0","3500000","7500000"
"e8cc8845-2172-4749-8b9e-8d4455606fff","Badan Intelijen Negara","CPNS","UMUM","PENELAAH TEKNIS INTELIJEN","BADAN INTELIJEN NEGARA | SEKOLAH TINGGI INTLIJEN NEGARA | BAGIAN BIDANG AKADEMIK | SUB BAGIAN ADMINISTRASI BIDANG AKADEMIK","4","0","3500000","7500000"
"8a028492914fb63b01914fe7bd9c490e","Badan Kepegawaian Negara","CPNS","PENYANDANG DISABILITAS","PENGEMBANG TEKNOLOGI PEMBELAJARAN AHLI PERTAMA","Badan Kepegawaian Negara | Pusat Pengembangan Kepegawaian Aparatur Sipil Negara","1","1","7920850","8734850"
"86d7eb0e-dfec-4c9f-8118-9f6bb294f7bc","Badan Kepegawaian Negara","CPNS","UMUM","PENGEMBANG TEKNOLOGI PEMBELAJARAN AHLI PERTAMA","Badan Kepegawaian Negara | Pusat Pengembangan Kepegawaian Aparatur Sipil Negara","1","1","7920850","8734850"
"8a01869291548667019154aeb5d91f5a","Badan Kependudukan dan Keluarga Berencana Nasional","CPNS","UMUM","PENATA KEPENDUDUKAN DAN KELUARGA BERENCANA AHLI PERTAMA","Perwakilan BKKBN Provinsi Jawa Tengah","2","1","2785700","9024448"
"8a01869291548667019154b5e65c2775","Badan Kependudukan dan Keluarga Berencana Nasional","CPNS","UMUM","PENATA KEPENDUDUKAN DAN KELUARGA BERENCANA AHLI PERTAMA","Perwakilan BKKBN Provinsi Jawa Timur","1","1","2785700","9024448"
"8a01869291548667019154bcc9fa2ff8","Badan Kependudukan dan Keluarga Berencana Nasional","CPNS","UMUM","PENATA KEPENDUDUKAN DAN KELUARGA BERENCANA AHLI PERTAMA","Perwakilan BKKBN Provinsi Kalimantan Barat","3","1","2785700","9024448"
"8a01869291548667019154bd474f3089","Badan Kependudukan dan Keluarga Berencana Nasional","CPNS","UMUM","PENATA KEPENDUDUKAN DAN KELUARGA BERENCANA AHLI PERTAMA","Perwakilan BKKBN Provinsi Sulawesi Tenggara","2","1","2785700","9024448"
"8a01869291548667019154c29cce3c27","Badan Kependudukan dan Keluarga Berencana Nasional","CPNS","UMUM","PENATA KEPENDUDUKAN DAN KELUARGA BERENCANA AHLI PERTAMA","Perwakilan BKKBN Provinsi Kalimantan Selatan","2","1","2785700","9024448"
"8a01869291548667019154c52e9b3faf","Badan Kependudukan dan Keluarga Berencana Nasional","CPNS","UMUM","PENATA KEPENDUDUKAN DAN KELUARGA BERENCANA AHLI PERTAMA","Perwakilan BKKBN Provinsi Sulawesi Tengah","2","1","2785700","9024448"
"8a01869291548667019154c83fad4516","Badan Kependudukan dan Keluarga Berencana Nasional","CPNS","UMUM","PENATA KEPENDUDUKAN DAN KELUARGA BERENCANA AHLI PERTAMA","Perwakilan BKKBN Provinsi Kalimantan Tengah","2","1","2785700","9024448"
"8a01869291548667019154d0423a558d","Badan Kependudukan dan Keluarga Berencana Nasional","CPNS","UMUM","PENATA KEPENDUDUKAN DAN KELUARGA BERENCANA AHLI PERTAMA","Perwakilan BKKBN Provinsi Sulawesi Selatan","1","1","2785700","9024448"
"8a01869291548667019154de4c867046","Badan Kependudukan dan Keluarga Berencana Nasional","CPNS","UMUM","PENATA KEPENDUDUKAN DAN KELUARGA BERENCANA AHLI PERTAMA","Perwakilan BKKBN Provinsi Kalimantan Timur","2","1","2785700","9024448"
"8a01869291548667019154e1e6d376ff","Badan Kependudukan dan Keluarga Berencana Nasional","CPNS","UMUM","PENATA KEPENDUDUKAN DAN KELUARGA BERENCANA AHLI PERTAMA","Perwakilan BKKBN Provinsi Sulawesi Barat","1","1","2785700","9024448"
"8a01869291548667019154e59f5d7dcb","Badan Kependudukan dan Keluarga Berencana Nasional","CPNS","UMUM","PENATA KEPENDUDUKAN DAN KELUARGA BERENCANA AHLI PERTAMA","Perwakilan BKKBN Provinsi Kepulauan Bangka Belitung","3","1","2785700","9024448"
"8a01869291548667019154e7c20301db","Badan Kependudukan dan Keluarga Berencana Nasional","CPNS","UMUM","PENATA KEPENDUDUKAN DAN KELUARGA BERENCANA AHLI PERTAMA","Perwakilan BKKBN Provinsi Riau","1","1","2785700","9024448"
"8a01869291548667019154ebbeda0bf1","Badan Kependudukan dan Keluarga Berencana Nasional","CPNS","UMUM","PENATA KEPENDUDUKAN DAN KELUARGA BERENCANA AHLI PERTAMA","Perwakilan BKKBN Provinsi Kepulauan Riau","3","1","2785700","9024448"
"8a01869291548667019154ee8d25115e","Badan Kependudukan dan Keluarga Berencana Nasional","CPNS","UMUM","PENATA KEPENDUDUKAN DAN KELUARGA BERENCANA AHLI PERTAMA","Perwakilan BKKBN Provinsi Papua Barat","3","1","2785700","9024448"
"8a01869291548667019154f5a5a11c41","Badan Kependudukan dan Keluarga Berencana Nasional","CPNS","UMUM","PENATA KEPENDUDUKAN DAN KELUARGA BERENCANA AHLI PERTAMA","Perwakilan BKKBN Provinsi Lampung","2","1","2785700","9024448"
"8a01869291548667019154f6f2751e0b","Badan Kependudukan dan Keluarga Berencana Nasional","CPNS","UMUM","PENATA KEPENDUDUKAN DAN KELUARGA BERENCANA AHLI PERTAMA","Perwakilan BKKBN Provinsi Papua","3","1","2785700","9024448"
"8a01869291548667019154fa84df2446","Badan Kependudukan dan Keluarga Berencana Nasional","CPNS","UMUM","PENATA KEPENDUDUKAN DAN KELUARGA BERENCANA AHLI PERTAMA","Perwakilan BKKBN Provinsi Maluku","3","1","2785700","9024448"
"8a018692915486670191550026e82ebb","Badan Kependudukan dan Keluarga Berencana Nasional","CPNS","UMUM","PENATA KEPENDUDUKAN DAN KELUARGA BERENCANA AHLI PERTAMA","Perwakilan BKKBN Provinsi Nusa Tenggara Timur","3","1","2785700","9024448"
"8a0186929154866701915500c3742fdd","Badan Kependudukan dan Keluarga Berencana Nasional","CPNS","UMUM","PENATA KEPENDUDUKAN DAN KELUARGA BERENCANA AHLI PERTAMA","Perwakilan BKKBN Provinsi Maluku Utara","3","1","2785700","9024448"
"8a0186929154866701915505c9873935","Badan Kependudukan dan Keluarga Berencana Nasional","CPNS","UMUM","PENATA KEPENDUDUKAN DAN KELUARGA BERENCANA AHLI PERTAMA","Perwakilan BKKBN Provinsi Nusa Tenggara Barat","2","1","2785700","9024448"
"8a0186929154866701915548f57d7e3a","Badan Kependudukan dan Keluarga Berencana Nasional","CPNS","PENYANDANG DISABILITAS","PENATA KEPENDUDUKAN DAN KELUARGA BERENCANA AHLI PERTAMA","Perwakilan BKKBN Provinsi Jawa Tengah","1","1","2785700","9024448"
"8a01869291548667019155495d7a7f8b","Badan Kependudukan dan Keluarga Berencana Nasional","CPNS","PENYANDANG DISABILITAS","PENATA KEPENDUDUKAN DAN KELUARGA BERENCANA AHLI PERTAMA","Perwakilan BKKBN Provinsi Sumatera Barat","1","1","2785700","9024448"
"8a0186929154866701915549ea7a0201","Badan Kependudukan dan Keluarga Berencana Nasional","CPNS","PENYANDANG DISABILITAS","PENATA KEPENDUDUKAN DAN KELUARGA BERENCANA AHLI PERTAMA","Perwakilan BKKBN Provinsi Kalimantan Timur","1","1","2785700","9024448"
"8a018692915486670191554a7aa8046e","Badan Kependudukan dan Keluarga Berencana Nasional","CPNS","PENYANDANG DISABILITAS","PENATA KEPENDUDUKAN DAN KELUARGA BERENCANA AHLI PERTAMA","Perwakilan BKKBN Provinsi D.I Yogyakarta","1","1","2785700","9024448"
"8a018692915486670191554ad7f7060c","Badan Kependudukan dan Keluarga Berencana Nasional","CPNS","PENYANDANG DISABILITAS","PENATA KEPENDUDUKAN DAN KELUARGA BERENCANA AHLI PERTAMA","Perwakilan BKKBN Provinsi Bengkulu","1","1","2785700","9024448"
"8a018692915486670191554b2b180728","Badan Kependudukan dan Keluarga Berencana Nasional","CPNS","PENYANDANG DISABILITAS","PENATA KEPENDUDUKAN DAN KELUARGA BERENCANA AHLI PERTAMA","Perwakilan BKKBN Provinsi Sulawesi Tenggara","1","1","2785700","9024448"
"8a018692915486670191554b799a089c","Badan Kependudukan dan Keluarga Berencana Nasional","CPNS","PENYANDANG DISABILITAS","PENATA KEPENDUDUKAN DAN KELUARGA BERENCANA AHLI PERTAMA","Perwakilan BKKBN Provinsi Sulawesi Tengah","1","1","2785700","9024448"
"8a018692915486670191554be6480a42","Badan Kependudukan dan Keluarga Berencana Nasional","CPNS","PENYANDANG DISABILITAS","PENATA KEPENDUDUKAN DAN KELUARGA BERENCANA AHLI PERTAMA","Perwakilan BKKBN Provinsi Jambi","1","1","2785700","9024448"
"8a018692915486670191554c35db0bc0","Badan Kependudukan dan Keluarga Berencana Nasional","CPNS","PENYANDANG DISABILITAS","PENATA KEPENDUDUKAN DAN KELUARGA BERENCANA AHLI PERTAMA","Perwakilan BKKBN Provinsi Nusa Tenggara Barat","1","1","2785700","9024448"
"8a018692915486670191554c84530d34","Badan Kependudukan dan Keluarga Berencana Nasional","CPNS","PENYANDANG DISABILITAS","PENATA KEPENDUDUKAN DAN KELUARGA BERENCANA AHLI PERTAMA","Perwakilan BKKBN Provinsi Jawa Barat","1","1","2785700","9024448"
"8a018692915486670191554cd5db0e90","Badan Kependudukan dan Keluarga Berencana Nasional","CPNS","PENYANDANG DISABILITAS","PENATA KEPENDUDUKAN DAN KELUARGA BERENCANA AHLI PERTAMA","Perwakilan BKKBN Provinsi Bali","1","1","2785700","9024448"
"8a018692915486670191554d4b7610a2","Badan Kependudukan dan Keluarga Berencana Nasional","CPNS","PENYANDANG DISABILITAS","PENATA KEPENDUDUKAN DAN KELUARGA BERENCANA AHLI PERTAMA","Perwakilan BKKBN Provinsi Sulawesi Utara","1","1","2785700","9024448"
"8a018692915486670191554dbfde1252","Badan Kependudukan dan Keluarga Berencana Nasional","CPNS","PENYANDANG DISABILITAS","PENATA KEPENDUDUKAN DAN KELUARGA BERENCANA AHLI PERTAMA","Perwakilan BKKBN Provinsi Lampung","1","1","2785700","9024448"
"8a018692915486670191554dfff913bd","Badan Kependudukan dan Keluarga Berencana Nasional","CPNS","PENYANDANG DISABILITAS","PENATA KEPENDUDUKAN DAN KELUARGA BERENCANA AHLI PERTAMA","Perwakilan BKKBN Provinsi Banten","1","1","2785700","9024448"
"8a018692915486670191554f72881562","Badan Kependudukan dan Keluarga Berencana Nasional","CPNS","PENYANDANG DISABILITAS","PENATA KEPENDUDUKAN DAN KELUARGA BERENCANA AHLI PERTAMA","Perwakilan BKKBN Provinsi Sulawesi Selatan","1","1","2785700","9024448"
"8a018692915486670191554fc29a164c","Badan Kependudukan dan Keluarga Berencana Nasional","CPNS","PENYANDANG DISABILITAS","PENATA KEPENDUDUKAN DAN KELUARGA BERENCANA AHLI PERTAMA","Perwakilan BKKBN Provinsi Sumatera Utara","1","1","2785700","9024448"
"8a03849f914ed85101914fa815007eac","Badan Kependudukan dan Keluarga Berencana Nasional","CPNS","UMUM","PENATA KEPENDUDUKAN DAN KELUARGA BERENCANA AHLI PERTAMA","BKKBN Pusat","23","1","2785700","9024448"
"8a0384b4915028740191514d495b3cb3","Badan Kependudukan dan Keluarga Berencana Nasional","CPNS","UMUM","PENATA KEPENDUDUKAN DAN KELUARGA BERENCANA AHLI PERTAMA","Perwakilan BKKBN Provinsi Aceh","1","1","2785700","9024448"
"8a0384b4915028740191515589183dc6","Badan Kependudukan dan Keluarga Berencana Nasional","CPNS","UMUM","PENATA KEPENDUDUKAN DAN KELUARGA BERENCANA AHLI PERTAMA","Perwakilan BKKBN Provinsi Bali","2","1","2785700","9024448"
"8a0384b49150287401915396c1426822","Badan Kependudukan dan Keluarga Berencana Nasional","CPNS","UMUM","PENATA KEPENDUDUKAN DAN KELUARGA BERENCANA AHLI PERTAMA","Perwakilan BKKBN Provinsi Banten","2","1","2785700","9024448"
"8a0384b491502874019153bfe1db07c8","Badan Kependudukan dan Keluarga Berencana Nasional","CPNS","UMUM","PENATA KEPENDUDUKAN DAN KELUARGA BERENCANA AHLI PERTAMA","Perwakilan BKKBN Provinsi Bengkulu","2","1","2785700","9024448"
"8a0384b491502874019153c763850eb3","Badan Kependudukan dan Keluarga Berencana Nasional","CPNS","UMUM","PENATA KEPENDUDUKAN DAN KELUARGA BERENCANA AHLI PERTAMA","Perwakilan BKKBN Provinsi D.I Yogyakarta","2","1","2785700","9024448"
"8a0384b491502874019153e2d6701a7a","Badan Kependudukan dan Keluarga Berencana Nasional","CPNS","UMUM","PENATA KEPENDUDUKAN DAN KELUARGA BERENCANA AHLI PERTAMA","Perwakilan BKKBN Provinsi Gorontalo","1","1","2785700","9024448"
"8a0384b49150287401915417932730c9","Badan Kependudukan dan Keluarga Berencana Nasional","CPNS","UMUM","PENATA KEPENDUDUKAN DAN KELUARGA BERENCANA AHLI PERTAMA","Perwakilan BKKBN Provinsi Jambi","2","1","2785700","9024448"
"8a0384b4915028740191542557c53a3f","Badan Kependudukan dan Keluarga Berencana Nasional","CPNS","UMUM","PENATA KEPENDUDUKAN DAN KELUARGA BERENCANA AHLI PERTAMA","Perwakilan BKKBN Provinsi Jawa Barat","2","1","2785700","9024448"
"8a0384b4915028740191542f15374326","Badan Kependudukan dan Keluarga Berencana Nasional","CPNS","UMUM","PENATA KEPENDUDUKAN DAN KELUARGA BERENCANA AHLI PERTAMA","Perwakilan BKKBN Provinsi Sumatera Utara","2","1","2785700","9024448"
"8a0384b49150287401915437d21e4d3a","Badan Kependudukan dan Keluarga Berencana Nasional","CPNS","UMUM","PENATA KEPENDUDUKAN DAN KELUARGA BERENCANA AHLI PERTAMA","Perwakilan BKKBN Provinsi Sumatera Selatan","1","1","2785700","9024448"
"8a0384b4915028740191543ec24d5473","Badan Kependudukan dan Keluarga Berencana Nasional","CPNS","UMUM","PENATA KEPENDUDUKAN DAN KELUARGA BERENCANA AHLI PERTAMA","Perwakilan BKKBN Provinsi Sumatera Barat","2","1","2785700","9024448"
"8a0384b491502874019154479eb56161","Badan Kependudukan dan Keluarga Berencana Nasional","CPNS","UMUM","PENATA KEPENDUDUKAN DAN KELUARGA BERENCANA AHLI PERTAMA","Perwakilan BKKBN Provinsi Sulawesi Utara","2","1","2785700","9024448"
"9a34077f-440d-4e20-9e69-792049fb3033","Badan Meteorologi, Klimatologi dan Geofisika","CPNS","UMUM","PENGEMBANG TEKNOLOGI PEMBELAJARAN AHLI PERTAMA","Badan Meteorologi Klimatologi dan Geofisika | Pusat Pendidikan dan Pelatihan","1","0","5500000","8500000"
"088c3cac-c8c5-4775-b322-21dfcfdbcdd2","Badan Pelindungan Pekerja Migran Indonesia","CPNS","UMUM","ANALIS KEBIJAKAN AHLI PERTAMA","Badan Pelindungan Pekerja Migran Indonesia | DEPUTI BIDANG PENEMPATAN DAN PELINDUNGAN KAWASAN EROPA DAN TIMUR TENGAH | DIREKTORAT SISTEM DAN STRATEGI PENEMPATAN DAN PELINDUNGAN KAWASAN EROPA DAN TIMUR TENGAH","2","1","6862100","7746358"
"7980e585-a33e-4fb1-9fcc-bff894a56310","Badan Pelindungan Pekerja Migran Indonesia","CPNS","UMUM","ANALIS KEBIJAKAN AHLI PERTAMA","Badan Pelindungan Pekerja Migran Indonesia | DEPUTI BIDANG PENEMPATAN DAN PELINDUNGAN KAWASAN ASIA DAN AFRIKA | DIREKTORAT SISTEM DAN STRATEGI PENEMPATAN DAN PELINDUNGAN KAWASAN ASIA DAN AFRIKA","1","1","6862100","7746358"
"06eedcaf-adfc-4021-a3bd-07996cf72349","Badan Pelindungan Pekerja Migran Indonesia","CPNS","UMUM","ARSIPARIS AHLI PERTAMA","Badan Pelindungan Pekerja Migran Indonesia | BALAI PELAYANAN PELINDUNGAN PEKERJA MIGRAN INDONESIA DKI JAKARTA","1","1","6862100","7726358"
"1d81f097-cb0a-4a40-9b51-7ceb159938a1","Badan Pelindungan Pekerja Migran Indonesia","CPNS","UMUM","ARSIPARIS AHLI PERTAMA","Badan Pelindungan Pekerja Migran Indonesia | BALAI PELAYANAN PELINDUNGAN PEKERJA MIGRAN INDONESIA KEPULAUAN RIAU","2","1","6862100","7726358"
"2b69b7c4-72d4-40bd-9a2c-e4967656f7e3","Badan Pelindungan Pekerja Migran Indonesia","CPNS","UMUM","ARSIPARIS AHLI PERTAMA","Badan Pelindungan Pekerja Migran Indonesia | PUSAT PENGEMBANGAN SUMBER DAYA MANUSIA","1","1","6862100","7726358"
"af5dc60d-2c19-46b1-9b94-d55d9b71d840","Badan Pelindungan Pekerja Migran Indonesia","CPNS","UMUM","ARSIPARIS AHLI PERTAMA","Badan Pelindungan Pekerja Migran Indonesia | BALAI PELAYANAN PELINDUNGAN PEKERJA MIGRAN INDONESIA SUMATERA SELATAN","1","1","6862100","7746358"
"c2217cf9-f7a1-40b0-8658-d2b4501e6fd8","Badan Pelindungan Pekerja Migran Indonesia","CPNS","UMUM","ARSIPARIS AHLI PERTAMA","Badan Pelindungan Pekerja Migran Indonesia | BALAI PELAYANAN PELINDUNGAN PEKERJA MIGRAN INDONESIA JAWA TENGAH","1","1","6862100","7726358"
"d0a93fee-65aa-4aaf-b60a-1e81632ac23c","Badan Pelindungan Pekerja Migran Indonesia","CPNS","UMUM","ARSIPARIS AHLI PERTAMA","Badan Pelindungan Pekerja Migran Indonesia | BALAI PELAYANAN PELINDUNGAN PEKERJA MIGRAN INDONESIA SULAWESI UTARA","1","1","6862100","7726358"
"d8146961-5dc3-4766-8227-727c09976fd5","Badan Pelindungan Pekerja Migran Indonesia","CPNS","UMUM","ARSIPARIS AHLI PERTAMA","Badan Pelindungan Pekerja Migran Indonesia | BALAI PELAYANAN PELINDUNGAN PEKERJA MIGRAN INDONESIA SULAWESI SELATAN","1","1","6862100","7726358"
"fad7430a-4e30-48ab-9f7f-507c30381f4b","Badan Pelindungan Pekerja Migran Indonesia","CPNS","UMUM","PENGEMBANG TEKNOLOGI PEMBELAJARAN AHLI PERTAMA","Badan Pelindungan Pekerja Migran Indonesia | PUSAT PENGEMBANGAN SUMBER DAYA MANUSIA","2","1","6862100","7746358"
"8a0186c991593869019159454c630bd4","Badan Pengawas Obat dan Makanan ","CPNS","UMUM","ANALIS PENGEMBANGAN KOMPETENSI ASN AHLI PERTAMA","ZONA 1","1","1","6240000","10000000"
"8a0186cd915aa77f01915ad76d563918","Badan Pengawas Obat dan Makanan ","CPNS","PENYANDANG DISABILITAS","ANALIS PENGEMBANGAN KOMPETENSI ASN AHLI PERTAMA","ZONA 1","1","1","6240000","10000000"
"8a0186cc9159ace5019159f0793c2342","Badan Pengawas Pemilihan Umum","CPNS","LULUSAN TERBAIK","PENGEMBANG TEKNOLOGI PEMBELAJARAN AHLI PERTAMA","Badan Pengawas Pemilihan Umum | Sekretariat Jenderal | Pusat Penelitian Pengembangan Pendidikan Dan Pelatihan","1","0","6677120","7061518"
"354939de-5dcb-4ce0-bb0e-a5dbe3406f9d","Badan Pengawas Pemilihan Umum","CPNS","UMUM","PENGEMBANG TEKNOLOGI PEMBELAJARAN AHLI PERTAMA","Badan Pengawas Pemilihan Umum | Sekretariat Jenderal | Pusat Penelitian Pengembangan Pendidikan Dan Pelatihan","2","0","6677120","7061518"
"0c3fb1f2-c2ab-4590-af0d-835e9e0c4c12","Kementerian Dalam Negeri","CPNS","UMUM","ANALIS PENGEMBANGAN KOMPETENSI ASN AHLI PERTAMA","KEMENTERIAN DALAM NEGERI | BADAN PENGEMBANGAN SUMBER DAYA MANUSIA | PUSAT PENGEMBANGAN SUMBER DAYA MANUSIA REGIONAL YOGYAKARTA","1","1","9000000","17000000"
"8a0384c7915b4c4c01915de6b3f510df","Kementerian Dalam Negeri","CPNS","PUTRA/PUTRI PAPUA DAN PAPUA BARAT","PENGEMBANG TEKNOLOGI PEMBELAJARAN AHLI PERTAMA","KEMENTERIAN DALAM NEGERI | INSTITUT PEMERINTAHAN DALAM NEGERI | IPDN KAMPUS PAPUA | BAGIAN ADMINISTRASI UMUM DAN SISTEM INFORMASI | SUBBAGIAN PERLENGKAPAN, RUMAH TANGGA, DAN SISTEM INFORMASI","1","1","10000000","17000000"
"b38c3d53-b299-4d51-964d-62a8125d5d1d","Kementerian Dalam Negeri","CPNS","UMUM","PENGEMBANG TEKNOLOGI PEMBELAJARAN AHLI PERTAMA","KEMENTERIAN DALAM NEGERI | INSTITUT PEMERINTAHAN DALAM NEGERI | IPDN KAMPUS PAPUA | BAGIAN ADMINISTRASI UMUM DAN SISTEM INFORMASI | SUBBAGIAN PERLENGKAPAN, RUMAH TANGGA, DAN SISTEM INFORMASI","1","1","10000000","17000000"
"01df9834-ab14-4208-8a71-e8b49d609511","Kementerian Energi dan Sumber Daya Mineral","CPNS","UMUM","PENGEMBANG TEKNOLOGI PEMBELAJARAN AHLI PERTAMA","KEMENTERIAN ENERGI DAN SUMBER DAYA MINERAL | Badan Pengembangan Sumber Daya Manusia Energi dan Sumber Daya Mineral | Sekretariat Badan Pengembangan Sumber Daya Manusia Energi dan Sumber Daya Mineral | Balai Pendidikan dan Pelatihan Tambang Bawah Tanah","1","1","8700000","9300000"
"8a0186ce915e61b701915f2086ce34ba","Kementerian Investasi/Badan Koordinasi Penanaman Modal","CPNS","PENYANDANG DISABILITAS","PENGEMBANG TEKNOLOGI PEMBELAJARAN AHLI PERTAMA","Kementerian Investasi/Badan Koordinasi Penanaman Modal | Pusat Pendidikan dan Pelatihan","1","1","8000000","8500000"
"069a82b0-e7ff-4d95-9f3b-29efd7b4481b","Kementerian Investasi/Badan Koordinasi Penanaman Modal","CPNS","UMUM","PENGEMBANG TEKNOLOGI PEMBELAJARAN AHLI PERTAMA","Kementerian Investasi/Badan Koordinasi Penanaman Modal | Pusat Pendidikan dan Pelatihan","1","1","8000000","8500000"
"8a01869291548667019155386a4764e0","Kementerian Kesehatan","CPNS","PUTRA/PUTRI KALIMANTAN","ANALIS KEBIJAKAN AHLI PERTAMA","Kementerian Kesehatan | Direktorat Jenderal Tenaga Kesehatan | Direktorat Peningkatan Mutu Tenaga Kesehatan","1","1","5000000","7000000"
"7c43c8a3-c083-4f43-85a6-b64f966d1657","Kementerian Kesehatan","CPNS","UMUM","ANALIS KEBIJAKAN AHLI PERTAMA","Kementerian Kesehatan | Direktorat Jenderal Tenaga Kesehatan | Direktorat Peningkatan Mutu Tenaga Kesehatan","1","1","5000000","7000000"
"13f47c7c-32d4-4098-83a7-27b18afed5e0","Kementerian Kesehatan","CPNS","UMUM","PENGEMBANG TEKNOLOGI PEMBELAJARAN AHLI PERTAMA","Kementerian Kesehatan | Direktorat Jenderal Tenaga Kesehatan | Balai Besar Pelatihan Kesehatan Jakarta","1","1","7000000","10000000"
"61810193-3ce2-41d7-8e7f-197189a43537","Kementerian Kesehatan","CPNS","UMUM","PENGEMBANG TEKNOLOGI PEMBELAJARAN AHLI PERTAMA","Kementerian Kesehatan | Direktorat Jenderal Tenaga Kesehatan | Poltekkes Kemenkes Tanjungpinang | Pusat Penjaminan Mutu dan Pengembangan Pendidikan","1","1","5000000","7000000"
"cf474d70-d5e0-46c7-8c68-16f674f59157","Kementerian Kesehatan","CPNS","UMUM","PENGEMBANG TEKNOLOGI PEMBELAJARAN AHLI PERTAMA","Kementerian Kesehatan | Direktorat Jenderal Tenaga Kesehatan | Poltekkes Kemenkes Bandung | Pusat Pengembangan Pendidikan","1","1","7500000","8700000"
"e3bc3cd4-a058-40cf-a8dc-a3e5e7fe9674","Kementerian Kesehatan","CPNS","UMUM","PENGEMBANG TEKNOLOGI PEMBELAJARAN AHLI PERTAMA","Kementerian Kesehatan | Direktorat Jenderal Tenaga Kesehatan | Poltekkes Kemenkes Kalimantan Timur | Pusat Pengembangan Pendidikan","2","1","5000000","7000000"
"008994ea-65e9-4020-942a-bbd277b4800e","Kementerian Ketenagakerjaan","CPNS","UMUM","ANALIS PENGEMBANGAN KOMPETENSI ASN AHLI PERTAMA","Kementerian Ketenagakerjaan | Sekretariat Jenderal | Biro Organisasi dan Sumber Daya Manusia Aparatur","1","0","7000000","8500000"
"11a6bfc6-9168-41b5-98dc-f943a4fe470f","Kementerian Ketenagakerjaan","CPNS","UMUM","ANALIS PENGEMBANGAN KOMPETENSI ASN AHLI PERTAMA","Kementerian Ketenagakerjaan | Direktorat Jenderal Pembinaan Pelatihan Vokasi dan Produktivitas | Direktorat Bina Instruktur dan Tenaga Pelatihan","2","0","7000000","8500000"
"96259f61-b562-4e0f-9da2-25063ff2ed7c","Kementerian Ketenagakerjaan","CPNS","UMUM","ANALIS PENGEMBANGAN KOMPETENSI ASN AHLI PERTAMA","Kementerian Ketenagakerjaan | Direktorat Jenderal Pembinaan Hubungan Industrial dan Jaminan Sosial Tenaga Kerja | Direktorat Bina Mediator Hubungan Industrial","2","0","7000000","8500000"
"d48d45e5-c269-4c5d-948b-77c9faf52d96","Kementerian Ketenagakerjaan","CPNS","UMUM","ANALIS PENGEMBANGAN KOMPETENSI ASN AHLI PERTAMA","Kementerian Ketenagakerjaan | Direktorat Jenderal Pembinaan Pengawasan Ketenagakerjaan dan Keselamatan dan Kesehatan Kerja | Direktorat Bina Pengawas Ketenagakerjaan dan Penguji Keselamatan dan Kesehatan Kerja","2","0","7000000","8500000"
"e2e9de00-347d-4cdb-8ea0-81d6812e899e","Kementerian Ketenagakerjaan","CPNS","UMUM","ANALIS PENGEMBANGAN KOMPETENSI ASN AHLI PERTAMA","Kementerian Ketenagakerjaan | Direktorat Jenderal Pembinaan Penempatan Tenaga Kerja dan Perluasan Kesempatan Kerja | Direktorat Bina Pengantar Kerja","2","0","7000000","8500000"
"db08c718-5e81-4f80-8b91-b03fcea8d52f","Kementerian Komunikasi dan Informatika","CPNS","UMUM","INSTRUKTUR AHLI PERTAMA","KEMENTERIAN KOMUNIKASI DAN INFORMATIKA | BADAN PENELITIAN DAN PENGEMBANGAN SUMBER DAYA MANUSIA | BALAI PENGEMBANGAN SUMBER DAYA MANUSIA DAN PENELITIAN KOMUNIKASI DAN INFORMATIKA BANJARMASIN","3","0","6500000","7200000"
"08d0213b-be77-43ea-ac84-7d75d06ebb73","Kementerian Komunikasi dan Informatika","CPNS","UMUM","PENATA KELOLA SISTEM DAN TEKNOLOGI INFORMASI","LEMBAGA PENYIARAN PUBLIK RADIO REPUBLIK INDONESIA | DIREKTUR UTAMA LPP RRI | DIREKTORAT TEKNOLOGI DAN MEDIA BARU","4","1","5000000","5401700"
"316cabfc-1f0e-45e3-8959-3e6554de9a98","Kementerian Komunikasi dan Informatika","CPNS","UMUM","PENGEMBANG TEKNOLOGI PEMBELAJARAN AHLI PERTAMA","KEMENTERIAN KOMUNIKASI DAN INFORMATIKA | BADAN PENELITIAN DAN PENGEMBANGAN SUMBER DAYA MANUSIA | PUSAT PENELITIAN DAN PENGEMBANGAN SUMBER DAYA, PERANGKAT DAN PENYELENGGARAAN POS DAN INFORMATIKA","1","0","6500000","7200000"
"422f4833-5fba-4d1e-9851-57315c14fba0","Kementerian Komunikasi dan Informatika","CPNS","UMUM","PRANATA HUBUNGAN MASYARAKAT AHLI PERTAMA","LEMBAGA PENYIARAN PUBLIK RADIO REPUBLIK INDONESIA | DIREKTUR UTAMA LPP RRI | DIREKTORAT LAYANAN DAN PENGEMBANGAN USAHA","5","1","5000000","5712700"
"8a0384ba915598f4019155f5892e3abf","Kementerian Koperasi dan Usaha Kecil dan Menengah","CPNS","PUTRA/PUTRI KALIMANTAN","ARSIPARIS AHLI PERTAMA","Kementerian Koperasi dan Usaha Kecil dan Menengah | SEKRETARIAT KEMENTERIAN KOPERASI DAN USAHA KECIL DAN MENENGAH | Biro Umum dan Keuangan","1","0","6624700","9690350"
"23bd288e-a8ad-4718-8874-08518d1d411f","Kementerian Koperasi dan Usaha Kecil dan Menengah","CPNS","UMUM","ARSIPARIS AHLI PERTAMA","Kementerian Koperasi dan Usaha Kecil dan Menengah | SEKRETARIAT KEMENTERIAN KOPERASI DAN USAHA KECIL DAN MENENGAH | Biro Umum dan Keuangan","1","0","6624700","9690350"
"8a0384b49150287401915409e77f28f8","Kementerian Pekerjaan Umum dan Perumahan Rakyat","CPNS","LULUSAN TERBAIK","ANALIS PENGEMBANGAN KOMPETENSI ASN AHLI PERTAMA","KEMENTERIAN PEKERJAAN UMUM DAN PERUMAHAN RAKYAT | Badan Pengembangan Sumber Daya Manusia | Balai Pengembangan Kompetensi Pekerjaan Umum dan Perumahan Rakyat Wilayah IV Bandung | Seksi Penyelenggaraan","1","1","9400000","10000000"
"8a0384b4915028740191541943fd3266","Kementerian Pekerjaan Umum dan Perumahan Rakyat","CPNS","LULUSAN TERBAIK","ANALIS PENGEMBANGAN KOMPETENSI ASN AHLI PERTAMA","KEMENTERIAN PEKERJAAN UMUM DAN PERUMAHAN RAKYAT | Badan Pengembangan Sumber Daya Manusia | Pusat Pengembangan Kompetensi Jalan, Perumahan dan Pengembangan Infrastruktur Wilayah | Bidang Manajemen Sistem dan Pelaksanaan Pengembangan Kompetensi","1","1","9400000","10000000"
"8a0384b4915028740191541c11b133dd","Kementerian Pekerjaan Umum dan Perumahan Rakyat","CPNS","PENYANDANG DISABILITAS","ANALIS PENGEMBANGAN KOMPETENSI ASN AHLI PERTAMA","KEMENTERIAN PEKERJAAN UMUM DAN PERUMAHAN RAKYAT | Badan Pengembangan Sumber Daya Manusia | Pusat Pengembangan Kompetensi Manajemen | Bidang Manajemen Sistem dan Pelaksanaan Pengembangan Kompetensi","1","1","9400000","10000000"
"0779bfcf-d7c2-4810-ad11-83e0e90d61ef","Kementerian Pekerjaan Umum dan Perumahan Rakyat","CPNS","UMUM","ANALIS PENGEMBANGAN KOMPETENSI ASN AHLI PERTAMA","KEMENTERIAN PEKERJAAN UMUM DAN PERUMAHAN RAKYAT | Badan Pengembangan Sumber Daya Manusia | Balai Pengembangan Kompetensi Pekerjaan Umum dan Perumahan Rakyat Wilayah IV Bandung | Seksi Penyelenggaraan","2","1","9400000","10000000"
"6d504f53-bb40-4a97-8081-5caa25d37585","Kementerian Pekerjaan Umum dan Perumahan Rakyat","CPNS","UMUM","ANALIS PENGEMBANGAN KOMPETENSI ASN AHLI PERTAMA","KEMENTERIAN PEKERJAAN UMUM DAN PERUMAHAN RAKYAT | Badan Pengembangan Sumber Daya Manusia | Pusat Pengembangan Kompetensi Sumber Daya Air dan Permukiman | Bidang Manajemen Sistem dan Pelaksanaan Pengembangan Kompetensi","1","1","9400000","10000000"
"7a1417e8-7574-4132-8d28-af2e23b4dab3","Kementerian Pekerjaan Umum dan Perumahan Rakyat","CPNS","UMUM","ANALIS PENGEMBANGAN KOMPETENSI ASN AHLI PERTAMA","KEMENTERIAN PEKERJAAN UMUM DAN PERUMAHAN RAKYAT | Badan Pengembangan Sumber Daya Manusia | Balai Pengembangan Kompetensi Pekerjaan Umum dan Perumahan Rakyat Wilayah III Jakarta | Seksi Penyelenggaraan","1","1","9400000","10000000"
"7e1348ac-9795-4311-842b-28d7afe738ea","Kementerian Pekerjaan Umum dan Perumahan Rakyat","CPNS","UMUM","ANALIS PENGEMBANGAN KOMPETENSI ASN AHLI PERTAMA","KEMENTERIAN PEKERJAAN UMUM DAN PERUMAHAN RAKYAT | Badan Pengembangan Sumber Daya Manusia | Balai Pengembangan Kompetensi Pekerjaan Umum dan Perumahan Rakyat Wilayah I Medan | Seksi Penyelenggaraan","1","1","9400000","10000000"
"95eb4212-e6d9-434b-a9f1-80aca57c0b4e","Kementerian Pekerjaan Umum dan Perumahan Rakyat","CPNS","UMUM","ANALIS PENGEMBANGAN KOMPETENSI ASN AHLI PERTAMA","KEMENTERIAN PEKERJAAN UMUM DAN PERUMAHAN RAKYAT | Badan Pengembangan Sumber Daya Manusia | Pusat Pengembangan Kompetensi Jalan, Perumahan dan Pengembangan Infrastruktur Wilayah | Bidang Manajemen Sistem dan Pelaksanaan Pengembangan Kompetensi","2","1","9400000","10000000"
"b074a0d1-1fbc-45e7-b53a-d00e1b259495","Kementerian Pekerjaan Umum dan Perumahan Rakyat","CPNS","UMUM","ANALIS PENGEMBANGAN KOMPETENSI ASN AHLI PERTAMA","KEMENTERIAN PEKERJAAN UMUM DAN PERUMAHAN RAKYAT | Badan Pengembangan Sumber Daya Manusia | Balai Pengembangan Kompetensi Pekerjaan Umum dan Perumahan Rakyat Wilayah II Palembang | Seksi Penyelenggaraan","1","1","9400000","10000000"
"d0a1505f-5f5a-4139-b80d-8a0c056ad422","Kementerian Pekerjaan Umum dan Perumahan Rakyat","CPNS","UMUM","ANALIS PENGEMBANGAN KOMPETENSI ASN AHLI PERTAMA","KEMENTERIAN PEKERJAAN UMUM DAN PERUMAHAN RAKYAT | Badan Pengembangan Sumber Daya Manusia | Pusat Pengembangan Kompetensi Manajemen | Bidang Manajemen Sistem dan Pelaksanaan Pengembangan Kompetensi","3","1","9400000","10000000"
"8a0384b4915028740191541d7d0034e4","Kementerian Pekerjaan Umum dan Perumahan Rakyat","CPNS","LULUSAN TERBAIK","PENGEMBANG TEKNOLOGI PEMBELAJARAN AHLI PERTAMA","KEMENTERIAN PEKERJAAN UMUM DAN PERUMAHAN RAKYAT | Badan Pengembangan Sumber Daya Manusia | Pusat Pengembangan Kompetensi Manajemen | Bidang Manajemen Sistem dan Pelaksanaan Pengembangan Kompetensi","1","1","9700000","10300000"
"19c29865-5bc9-488e-9708-f2ecd113eb5c","Kementerian Pekerjaan Umum dan Perumahan Rakyat","CPNS","UMUM","PENGEMBANG TEKNOLOGI PEMBELAJARAN AHLI PERTAMA","KEMENTERIAN PEKERJAAN UMUM DAN PERUMAHAN RAKYAT | Badan Pengembangan Sumber Daya Manusia | Pusat Pengembangan Kompetensi Sumber Daya Air dan Permukiman | Bidang Manajemen Sistem dan Pelaksanaan Pengembangan Kompetensi","2","1","9700000","10300000"
"582c3854-13d5-488d-9be9-5c09845e12c5","Kementerian Pekerjaan Umum dan Perumahan Rakyat","CPNS","UMUM","PENGEMBANG TEKNOLOGI PEMBELAJARAN AHLI PERTAMA","KEMENTERIAN PEKERJAAN UMUM DAN PERUMAHAN RAKYAT | Badan Pengembangan Sumber Daya Manusia | Pusat Pengembangan Kompetensi Manajemen | Bidang Manajemen Sistem dan Pelaksanaan Pengembangan Kompetensi","1","1","9700000","10300000"
"ce9f55b6-1c17-4a8c-bc19-1bb3270933e3","Kementerian Pekerjaan Umum dan Perumahan Rakyat","CPNS","UMUM","PENGEMBANG TEKNOLOGI PEMBELAJARAN AHLI PERTAMA","KEMENTERIAN PEKERJAAN UMUM DAN PERUMAHAN RAKYAT | Badan Pengembangan Sumber Daya Manusia | Pusat Pengembangan Kompetensi Jalan, Perumahan dan Pengembangan Infrastruktur Wilayah | Bidang Manajemen Sistem dan Pelaksanaan Pengembangan Kompetensi","2","1","9700000","10300000"
"263a7a9f-e362-4f97-b968-f5a7c998a47c","Kementerian Perdagangan","CPNS","UMUM","PENGEMBANG TEKNOLOGI PEMBELAJARAN AHLI PERTAMA","Kementerian Perdagangan | Sekretariat Jenderal | Pusat Pendidikan dan Pelatihan Aparatur Perdagangan | Balai Pelatihan Aparatur Perdagangan Makassar","1","1","7798750","8338750"
"aacc4214-fa5e-49d6-98fa-2ba9a9d2567a","Kementerian Perdagangan","CPNS","UMUM","PENGEMBANG TEKNOLOGI PEMBELAJARAN AHLI PERTAMA","Kementerian Perdagangan | Sekretariat Jenderal | Pusat Pendidikan dan Pelatihan Aparatur Perdagangan | Balai Pelatihan Aparatur Perdagangan Padang","1","1","7798750","8338750"
"acd1ff01-b5fc-4335-b6be-e86b842741b2","Kementerian Perdagangan","CPNS","UMUM","PENGEMBANG TEKNOLOGI PEMBELAJARAN AHLI PERTAMA","Kementerian Perdagangan | Sekretariat Jenderal | Pusat Pendidikan dan Pelatihan Aparatur Perdagangan | Akademi Metrologi dan Instrumentasi | Subbagian Administrasi Akademik dan Kemahasiswaan","1","1","7934250","8474250"
"8f729079-1407-4f63-8f8a-3241974222bd","Kementerian Perhubungan","CPNS","UMUM","PENGEMBANG TEKNOLOGI PEMBELAJARAN AHLI PERTAMA","KEMENTERIAN PERHUBUNGAN | BADAN PENGEMBANGAN SUMBER DAYA MANUSIA PERHUBUNGAN | PUSAT PENGEMBANGAN SUMBER DAYA MANUSIA APARATUR PERHUBUNGAN | BIDANG PENDIDIKAN DAN PELATIHAN STRUKTURAL DAN FUNGSIONAL","1","1","2785700","7380850"
"9d95c2f2-1bfd-4dda-9510-0e749faa7f53","Kementerian Perhubungan","CPNS","UMUM","PENGEMBANG TEKNOLOGI PEMBELAJARAN AHLI PERTAMA","KEMENTERIAN PERHUBUNGAN | BADAN PENGEMBANGAN SUMBER DAYA MANUSIA PERHUBUNGAN | PUSAT PENGEMBANGAN SUMBER DAYA MANUSIA APARATUR PERHUBUNGAN | BIDANG PENDIDIKAN DAN PELATIHAN MANAJERIAL","1","1","2785700","7380850"
"b42ccaa6-5126-46a0-b596-99644d48271b","Kementerian Perhubungan","CPNS","UMUM","PENGEMBANG TEKNOLOGI PEMBELAJARAN AHLI PERTAMA","KEMENTERIAN PERHUBUNGAN | BADAN PENGEMBANGAN SUMBER DAYA MANUSIA PERHUBUNGAN | PUSAT PENGEMBANGAN SUMBER DAYA MANUSIA PERHUBUNGAN DARAT | BIDANG PENDIDIKAN","1","1","2785700","7380850"
"8a0282659168528c01916d959afc47f6","Kementerian Perindustrian","CPNS","UMUM","PENGEMBANG TEKNOLOGI PEMBELAJARAN AHLI PERTAMA","Kantor Pusat","3","1","7000000","8500000"
"26991112-703b-40f0-ad31-6daf84825061","Kementerian Pertanian","CPNS","UMUM","PENGEMBANG TEKNOLOGI PEMBELAJARAN AHLI PERTAMA","KEMENTERIAN PERTANIAN | BADAN PENYULUHAN DAN PENGEMBANGAN SUMBER DAYA MANUSIA PERTANIAN | PUSAT PELATIHAN PERTANIAN","2","0","3882902","9218052"
"5873e4e6-a35a-477c-aafa-86f1f47dc3fc","Kementerian Pertanian","CPNS","UMUM","PENGEMBANG TEKNOLOGI PEMBELAJARAN AHLI PERTAMA","KEMENTERIAN PERTANIAN | BADAN PENYULUHAN DAN PENGEMBANGAN SUMBER DAYA MANUSIA PERTANIAN | POLITEKNIK PEMBANGUNAN PERTANIAN BOGOR","4","0","3325752","8660902"
"6b2566a3-0804-4f86-b3f9-dc82c30b707f","Kementerian Pertanian","CPNS","UMUM","PENGEMBANG TEKNOLOGI PEMBELAJARAN AHLI PERTAMA","KEMENTERIAN PERTANIAN | BADAN PENYULUHAN DAN PENGEMBANGAN SUMBER DAYA MANUSIA PERTANIAN | POLITEKNIK PEMBANGUNAN PERTANIAN YOGYAKARTA-MAGELANG","2","0","3325752","8660902"
"a57c3489-8cd3-48d9-a3b3-2a5b2f2766c9","Kementerian Pertanian","CPNS","UMUM","PENGEMBANG TEKNOLOGI PEMBELAJARAN AHLI PERTAMA","KEMENTERIAN PERTANIAN | BADAN PENYULUHAN DAN PENGEMBANGAN SUMBER DAYA MANUSIA PERTANIAN | PUSAT PENDIDIKAN PERTANIAN","4","0","3882902","9218052"
"a9347c3d-8eeb-400c-b270-f96f567f5a9f","Kementerian Pertanian","CPNS","UMUM","PENGEMBANG TEKNOLOGI PEMBELAJARAN AHLI PERTAMA","KEMENTERIAN PERTANIAN | BADAN PENYULUHAN DAN PENGEMBANGAN SUMBER DAYA MANUSIA PERTANIAN | POLITEKNIK PEMBANGUNAN PERTANIAN MANOKWARI","2","0","3325752","8660902"
"49c5ecec-215a-459c-93ce-f067a43e8d1c","Kementerian Sekretariat Negara","CPNS","UMUM","PENGEMBANG TEKNOLOGI PEMBELAJARAN AHLI PERTAMA","Kementerian Sekretariat Negara | Pusat Pengembangan Kompetensi Aparatur Sipil Negara","2","1","3398120","10872120"
"8a0282659168528c01916862b5fa0231","Lembaga Administrasi Negara ","CPNS","UMUM","PENGEMBANG TEKNOLOGI PEMBELAJARAN AHLI PERTAMA","LAN RI JAKARTA","7","1","2785700","7920700"
"8a0282659168528c0191686f4da702a9","Lembaga Administrasi Negara ","CPNS","LULUSAN TERBAIK","PENGEMBANG TEKNOLOGI PEMBELAJARAN AHLI PERTAMA","LAN RI JAKARTA","2","1","2785700","7920700"
"8a0282659168528c0191687b9582036a","Lembaga Administrasi Negara ","CPNS","PUTRA/PUTRI KALIMANTAN","PENGEMBANG TEKNOLOGI PEMBELAJARAN AHLI PERTAMA","LAN RI JAKARTA","2","1","2785700","7920700"
"402c340f-6956-4db1-b4c2-92a0d63bcac9","Lembaga Administrasi Negara ","CPNS","UMUM","PENGEMBANG TEKNOLOGI PEMBELAJARAN AHLI PERTAMA","Lembaga Administrasi Negara | PUSAT PELATIHAN DAN PENGEMBANGAN DAN PEMETAAN KOMPETENSI APARATUR SIPIL NEGARA","1","1","2785700","7920700"
"63da40c0-5f40-4c4f-b098-fa5e33b06636","Lembaga Administrasi Negara ","CPNS","UMUM","PENGEMBANG TEKNOLOGI PEMBELAJARAN AHLI PERTAMA","Lembaga Administrasi Negara | POLITEKNIK SEKOLAH TINGGI ILMU ADMINISTRASI LAN MAKASSAR","1","1","2785700","7920700"
"745492fa-292f-4cf5-ae90-b2e6c167e7da","Lembaga Administrasi Negara ","CPNS","UMUM","PENGEMBANG TEKNOLOGI PEMBELAJARAN AHLI PERTAMA","Lembaga Administrasi Negara | PUSAT PELATIHAN DAN PENGEMBANGAN DAN KAJIAN DESENTRALISASI DAN OTONOMI DAERAH","1","1","2785700","7920700"
"c2f385f4-0bd5-48f0-b77f-92e6172dae22","Lembaga Administrasi Negara ","CPNS","UMUM","PENGEMBANG TEKNOLOGI PEMBELAJARAN AHLI PERTAMA","Lembaga Administrasi Negara | POLITEKNIK SEKOLAH TINGGI ILMU ADMINISTRASI LAN BANDUNG","1","1","2785700","7920700"
"ee8dbe7b-b3fb-4794-8b48-591d215e75b2","Lembaga Administrasi Negara ","CPNS","UMUM","PENGEMBANG TEKNOLOGI PEMBELAJARAN AHLI PERTAMA","Lembaga Administrasi Negara | PUSAT PELATIHAN DAN PENGEMBANGAN DAN KAJIAN MANAJEMEN PEMERINTAHAN","1","1","2785700","7920700"
"58f3cd7c-a682-498c-b378-af29566ef5c2","Lembaga Kebijakan Pengadaan Barang/Jasa Pemerintah","CPNS","UMUM","ANALIS PENGEMBANGAN KOMPETENSI ASN AHLI PERTAMA","LEMBAGA KEBIJAKAN PENGADAAN BARANG / JASA PEMERINTAH | PUSAT PELATIHAN SUMBER DAYA MANUSIA PENGADAAN BARANG/JASA","1","1","7638300","8649600"
"8a0282659168528c01916e1ae257704c","Mahkamah Agung RI","CPNS","UMUM","PENGEMBANG TEKNOLOGI PEMBELAJARAN AHLI PERTAMA","| MAHKAMAH AGUNG RI","6","1","2785700","11192700"
"0c6efffe-84a1-4aa6-ba59-0cb40b7700d1","Pemerintah Kab. Aceh Utara","CPNS","UMUM","POLISI PAMONG PRAJA AHLI PERTAMA","PEMERINTAH KABUPATEN ACEH UTARA | SATUAN POLISI PAMONG PRAJA DAN WILAYATUL HISBAH | BIDANG PENEGAKAN PERUNDANG-UNDANGAN DAN KEBIJAKAN DAERAH | SEKSI PENYELIDIKAN DAN PENYIDIKAN","1","1","2785700","4575200"
"4c5a8de3-59d5-4e8c-8eb7-175583198bb9","Pemerintah Kab. Aceh Utara","CPNS","UMUM","POLISI PAMONG PRAJA AHLI PERTAMA","PEMERINTAH KABUPATEN ACEH UTARA | SATUAN POLISI PAMONG PRAJA DAN WILAYATUL HISBAH | BIDANG KETENTRAMAN DAN KETERTIBAN UMUM | SEKSI OPERASI DAN PENGENDALIAN","1","1","2785700","4575200"
"fbeaea98-df8c-4094-bf1a-a58f209b13c9","Pemerintah Kab. Aceh Utara","CPNS","UMUM","POLISI PAMONG PRAJA AHLI PERTAMA","PEMERINTAH KABUPATEN ACEH UTARA | SATUAN POLISI PAMONG PRAJA DAN WILAYATUL HISBAH | BIDANG PENEGAKAN PERUNDANG-UNDANGAN DAN KEBIJAKAN DAERAH | SEKSI PENEGAKAN, PELANGGARAN DAN PENGAWASAN PERIZINAN","1","1","2785700","4575200"
"de58d68f-db79-4c10-99f3-c7ba030d580e","Pemerintah Kab. Agam","CPNS","UMUM","PENGEMBANG TEKNOLOGI PEMBELAJARAN AHLI PERTAMA","PEMERINTAH KABUPATEN AGAM                                              | DINAS PENDIDIKAN DAN KEBUDAYAAN | BIDANG PEMBINAAN SEKOLAH DASAR","1","0","3043120","4005378"
"f2fc5f59-eaf2-4093-9f03-b0685ecebe85","Pemerintah Kab. Alor","CPNS","UMUM","PENGGERAK SWADAYA MASYARAKAT AHLI PERTAMA","Pemerintah Kabupaten Alor | Sekretariat Daerah | Asisten Pemerintahan Dan Kesejahteraan Rakyat | Bagian  Kesejahteraan Rakyat","1","1","2785700","3500000"
"8a0384ba915598f4019155c0041b1a6e","Pemerintah Kab. Asahan","CPNS","PENYANDANG DISABILITAS","PENGEMBANG TEKNOLOGI PEMBELAJARAN AHLI PERTAMA","Pemerintah Kabupaten Asahan | DINAS PENDIDIKAN | BIDANG PENDIDIK DAN TENAGA KEPENDIDIKAN","1","1","3000000","4000000"
"7247533a-1870-48d9-93a7-c13a23eec689","Pemerintah Kab. Asahan","CPNS","UMUM","PENGEMBANG TEKNOLOGI PEMBELAJARAN AHLI PERTAMA","Pemerintah Kabupaten Asahan | DINAS PENDIDIKAN | BIDANG PENDIDIK DAN TENAGA KEPENDIDIKAN","1","0","3000000","4000000"
"362d7ce8-208a-4648-987f-b04b4f1443a4","Pemerintah Kab. Bandung","CPNS","UMUM","INSTRUKTUR AHLI PERTAMA","Pemerintah Kab. Bandung | Dinas Ketenagakerjaan | Bidang Pelatihan Kerja dan Produktivitas Tenaga Kerja","3","0","2785700","3000000"
"8a01849d91446dd8019144816a010372","Pemerintah Kab. Banggai Kepulauan","CPNS","PENYANDANG DISABILITAS","ARSIPARIS AHLI PERTAMA","Pemerintah Kabupaten Banggai Kepulauan | Sekretariat Daerah | Asisten Administrasi Umum | Bagian Organisasi","1","1","2700000","3000000"
"8a01849d91446dd801914482bb1d04c8","Pemerintah Kab. Banggai Kepulauan","CPNS","PENYANDANG DISABILITAS","ARSIPARIS AHLI PERTAMA","Pemerintah Kabupaten Banggai Kepulauan | Dinas Perikanan | Sekretariat Dinas Perikanan | Sub Bagian Umum dan Kepegawaian","1","1","2700000","4500000"
"45cb1411-76ba-43dd-9acd-1d760110972f","Pemerintah Kab. Banggai Kepulauan","CPNS","UMUM","ARSIPARIS AHLI PERTAMA","Pemerintah Kabupaten Banggai Kepulauan | Sekretariat Daerah | Asisten Administrasi Umum | Bagian Organisasi","1","1","2700000","3000000"
"52b5b993-8e4d-4aa2-bbc5-252bbd77a240","Pemerintah Kab. Banggai Kepulauan","CPNS","UMUM","ARSIPARIS AHLI PERTAMA","Pemerintah Kabupaten Banggai Kepulauan | Dinas Kependudukan Dan Pencatatan Sipil | Sekretariat Dinas Kependudukan dan Pencatatan Sipil | Sub Bagian Umum dan Kepegawaian","1","1","2700000","4500000"
"5f6256cb-b57d-4ca6-8072-b41428fc6f35","Pemerintah Kab. Banggai Kepulauan","CPNS","UMUM","ARSIPARIS AHLI PERTAMA","Pemerintah Kabupaten Banggai Kepulauan | Dinas Lingkungan Hidup | Sekretariat Dinas Lingkungan Hidup | Sub Bagian Umum dan Kepegawaian","1","1","2785700","4575200"
"60e4d751-a21e-47c7-a5cb-eed7ad1b62b2","Pemerintah Kab. Banggai Kepulauan","CPNS","UMUM","ARSIPARIS AHLI PERTAMA","Pemerintah Kabupaten Banggai Kepulauan | Dinas Pertanian | Sekretariat Dinas Pertanian | Sub Bagian Umum dan Kepegawaian","1","1","2785700","4575200"
"9752193e-4e33-4f97-956a-5e2d3e9efbd0","Pemerintah Kab. Banggai Kepulauan","CPNS","UMUM","ARSIPARIS AHLI PERTAMA","Pemerintah Kabupaten Banggai Kepulauan | Sekretariat Daerah | Asisten Perekonomian dan Pembangunan | Bagian Pengadaan Barang dan Jasa | Sub Bagian Pengelolaan Layanan Pengadaan Secara Elektronik","1","1","2785700","4575200"
"9cff6e83-f163-4c99-8e27-fb15db3a9b4a","Pemerintah Kab. Banggai Kepulauan","CPNS","UMUM","ARSIPARIS AHLI PERTAMA","Pemerintah Kabupaten Banggai Kepulauan | Dinas Perikanan | Sekretariat Dinas Perikanan | Sub Bagian Umum dan Kepegawaian","1","1","2700000","4500000"
"d13e52e8-7112-4031-80a8-8928051213df","Pemerintah Kab. Banggai Kepulauan","CPNS","UMUM","ARSIPARIS AHLI PERTAMA","Pemerintah Kabupaten Banggai Kepulauan | Badan Kesatuan Bangsa dan Politik | Sekretariat Badan Kesatuan Bangsa dan Politik | Sub Bagian Umum dan Kepegawaian","1","1","2785700","4575200"
"e3d79c93-c1c0-4f2f-8fd0-d72776ab2cec","Pemerintah Kab. Banggai Kepulauan","CPNS","UMUM","ARSIPARIS AHLI PERTAMA","Pemerintah Kabupaten Banggai Kepulauan | Dinas Perumahan, Kawasan Permukiman dan Pertanahan | Sekretariat Dinas Perumahan, Kawasan Permukiman dan Pertanahan | Sub Bagian Umum dan Kepegawaian","1","1","2785700","4575200"
"0f6856fa-4c2f-4398-bc76-2baac87138ad","Pemerintah Kab. Banggai Kepulauan","CPNS","UMUM","PENGEMBANG TEKNOLOGI PEMBELAJARAN AHLI PERTAMA","Pemerintah Kabupaten Banggai Kepulauan | Dinas Pendidikan dan Kebudayaan | Bidang Pembinaan Ketenagaan | Seksi PembinaanTenaga Kependidikan Pendidikan Dasar","1","1","2700000","3000000"
"2c425ec8-5ccf-4a16-a9d9-8ad73cd04901","Pemerintah Kab. Banggai Kepulauan","CPNS","UMUM","PENGEMBANG TEKNOLOGI PEMBELAJARAN AHLI PERTAMA","Pemerintah Kabupaten Banggai Kepulauan | Dinas Pendidikan dan Kebudayaan | Bidang Pembinaan Ketenagaan | Seksi Pembinaan Tenaga Kependidikan Pendidikan Anak Usia Dini dan Pendidikan Non Formal","1","1","2700000","3000000"
"9e78000e-dab6-400b-9741-45e9d847fb5c","Pemerintah Kab. Banggai Laut","CPNS","UMUM","POLISI PAMONG PRAJA AHLI PERTAMA","PEMERINTAH KAB. BANGGAI LAUT | SATUAN POLISI PAMONG PRAJA | BIDANG PERLINDUNGAN MASYARAKAT","2","0","3000000","4500000"
"acc8fb42-4cdb-4da5-bc48-e924b9e93c89","Pemerintah Kab. Banggai Laut","CPNS","UMUM","POLISI PAMONG PRAJA AHLI PERTAMA","PEMERINTAH KAB. BANGGAI LAUT | SATUAN POLISI PAMONG PRAJA | BIDANG PENEGAKAN PERDA","2","0","3000000","4500000"
"d54c0bfe-b488-4908-ace0-33da5d867dda","Pemerintah Kab. Banggai Laut","CPNS","UMUM","POLISI PAMONG PRAJA AHLI PERTAMA","PEMERINTAH KAB. BANGGAI LAUT | SATUAN POLISI PAMONG PRAJA | BIDANG TIBUMTRANMAS","1","0","3000000","4500000"
"b6b513f6-98b4-443e-be72-459a5ae9b469","Pemerintah Kab. Barito Kuala","CPNS","UMUM","ANALIS PENGEMBANGAN KOMPETENSI ASN AHLI PERTAMA","KABUPATEN BARITO KUALA | BADAN KEPEGAWAIAN, PENDIDIKAN DAN PELATIHAN | BIDANG DIKLAT, PENGEMBANGAN PEGAWAI","1","0","2228560","2785700"
"627cad03-b3d3-4da4-aab9-672ae28d2332","Pemerintah Kab. Barito Kuala","CPNS","UMUM","SURVEYOR PEMETAAN AHLI PERTAMA","KABUPATEN BARITO KUALA | BADAN PERENCANAAN PEMBANGUNAN, PENELITIAN DAN PENGEMBANGAN | BIDANG PENELITIAN DAN PENGEMBANGAN","1","0","2228560","2785700"
"0ef48697-5122-4609-90a2-e00f569b7a3f","Pemerintah Kab. Barito Utara","CPNS","UMUM","PENGEMBANG BUKU ELEKTRONIK","PEMERINTAH KABUPATEN BARITO UTARA | DINAS KEARSIPAN DAN PERPUSTAKAAN | BIDANG PENGELOLAAN LAYANAN PELESTARIAN BAHAN PUSTAKA","8","1","2500000","5000000"
"d638afbf-c4cc-4681-bfdb-9fd68e011071","Pemerintah Kab. Barito Utara","CPNS","UMUM","PENGEMBANG BUKU ELEKTRONIK","PEMERINTAH KABUPATEN BARITO UTARA | DINAS KEARSIPAN DAN PERPUSTAKAAN | BIDANG PERPUSTAKAAN DAN PEMBUDAYAAN GEMAR MEMBACA","8","1","2500000","5000000"
"6077febd-61af-4333-b828-9ca9ebb7e66a","Pemerintah Kab. Bengkayang","CPNS","UMUM","PENGEMBANG TEKNOLOGI PEMBELAJARAN AHLI PERTAMA","Pemerintah Kabupaten Bengkayang | Dinas Pendidikan Dan Kebudayaan | Bidang Kurikulum dan Mutu Pendidikan","1","1","2000000","5000000"
"8a0384c7915b4c4c01915e1c74ef1acd","Pemerintah Kab. Biak Numfor","CPNS","ORANG ASLI PAPUA (OAP)","ANALIS PENGEMBANGAN KOMPETENSI ASN AHLI PERTAMA","Pemerintah Kabupaten Biak Numfor | Badan Kepegawaian dan Pengembangan Sumber Daya Manusia | Kelompok Jabatan Fungsional","2","0","3000000","4000000"
"71e29cb8-f0ab-4dc7-838a-d3e723dae6d4","Pemerintah Kab. Biak Numfor","CPNS","UMUM (NON OAP)","ANALIS PENGEMBANGAN KOMPETENSI ASN AHLI PERTAMA","Pemerintah Kabupaten Biak Numfor | Badan Kepegawaian dan Pengembangan Sumber Daya Manusia | Kelompok Jabatan Fungsional","1","0","3000000","4000000"
"bcab419c-2fee-4569-857b-2d345e0f03e0","Pemerintah Kab. Bolaang Mongondow Timur","CPNS","UMUM","PENGEMBANG TEKNOLOGI PEMBELAJARAN AHLI PERTAMA","PEMERINTAH KABUPATEN BOLAANG MONGONDOW TIMUR | DINAS PENDIDIKAN DAN KEBUDAYAAN | BIDANG PEMBINAAN SEKOLAH MENENGAH PERTAMA","1","1","3203600","5265000"
"ff978a41-4ccd-4ad5-b3f1-574eee59eea0","Pemerintah Kab. Bolaang Mongondow Timur","CPNS","UMUM","PENGEMBANG TEKNOLOGI PEMBELAJARAN AHLI PERTAMA","PEMERINTAH KABUPATEN BOLAANG MONGONDOW TIMUR | DINAS PENDIDIKAN DAN KEBUDAYAAN | BIDANG PEMBINAAN SEKOLAH DASAR","1","1","3203600","5265000"
"d4debd0d-b5db-485e-ada8-960bb56aaf4b","Pemerintah Kab. Brebes","CPNS","UMUM","PENGEMBANG TEKNOLOGI PEMBELAJARAN AHLI PERTAMA","PEMERINTAH KABUPATEN BREBES | DINAS PENDIDIKAN, PEMUDA DAN OLAHRAGA | KELOMPOK JABATAN FUNGSIONAL","1","1","2228560","3175698"
"811c6599-07df-4568-8890-84b1963a9abd","Pemerintah Kab. Bulukumba","CPNS","UMUM","PENGEMBANG TEKNOLOGI PEMBELAJARAN AHLI PERTAMA","PEMERINTAH DAERAH KAB.BULUKUMBA | DINAS PENDIDIKAN DAN KEBUDAYAAN | BIDANG PEMBINAAN PENDIDIKAN ANAK USIA DINI DAN PENDIDIKAN NON FORMAL","3","1","2206500","3201200"
"97367214-c139-4762-a7bc-d349bf0323b8","Pemerintah Kab. Buru Selatan","CPNS","UMUM","PENATA KEPENDUDUKAN DAN KELUARGA BERENCANA AHLI PERTAMA","PEMERINTAH KABUPATEN BURU SELATAN | Sekretariat Daerah | Dinas Kesehatan,pengendalian penduduk dan keluarga berencana | Bidang Pengendalian penduduk dan keluarga berencana","1","1","2800000","3500000"
"03865a81-3aa0-443a-bc4e-f2d398e5f50f","Pemerintah Kab. Buru Selatan","CPNS","UMUM","PENGEMBANG TEKNOLOGI PEMBELAJARAN AHLI PERTAMA","PEMERINTAH KABUPATEN BURU SELATAN | Sekretariat Daerah | Dinas Pendidikan | Bidang Paud dan pendidikan masyarakat | Seksi Pendidikan masyarakat","1","1","2800000","3500000"
"27436a66-8d2f-4779-a192-a3ed591765a4","Pemerintah Kab. Buru Selatan","CPNS","UMUM","PENGEMBANG TEKNOLOGI PEMBELAJARAN AHLI PERTAMA","PEMERINTAH KABUPATEN BURU SELATAN | Sekretariat Daerah | Dinas Pendidikan | Bidang Paud dan pendidikan masyarakat | Seksi Pendidikan anak usia dini","1","1","2800000","3500000"
"33e1eefa-a8f3-4772-8c25-a64d99e0fb72","Pemerintah Kab. Buru Selatan","CPNS","UMUM","PENGEMBANG TEKNOLOGI PEMBELAJARAN AHLI PERTAMA","PEMERINTAH KABUPATEN BURU SELATAN | Sekretariat Daerah | Dinas Pendidikan | Bidang Sekolah dasar | Seksi Pengembangan dan pendidikan sekolah dasar","1","1","2800000","3500000"
"3975c4b7-2b21-45ab-b7a9-19e02990e4c3","Pemerintah Kab. Buru Selatan","CPNS","UMUM","PENGEMBANG TEKNOLOGI PEMBELAJARAN AHLI PERTAMA","PEMERINTAH KABUPATEN BURU SELATAN | Sekretariat Daerah | Dinas Pendidikan | Bidang Sekolah menengah pertama | Seksi Ketenagaan sekolah menengah pertama","1","1","3200000","3500000"
"3c3fdaf8-d9fd-46d3-b89b-812663740845","Pemerintah Kab. Buru Selatan","CPNS","UMUM","PENGEMBANG TEKNOLOGI PEMBELAJARAN AHLI PERTAMA","PEMERINTAH KABUPATEN BURU SELATAN | Sekretariat Daerah | Dinas Pendidikan | Bidang Sekolah menengah pertama | Seksi pengembangan dan pendidikan sekolah menengah pertama","1","1","2800000","3500000"
"8a02826391606efe0191609d42f3167d","Pemerintah Kab. Buru Selatan","CPNS","PUTRA/PUTRI DAERAH TERTINGGAL","POLISI PAMONG PRAJA AHLI PERTAMA","PEMERINTAH KABUPATEN BURU SELATAN | Sekretariat Daerah | Dinas Satuan polisi pamong praja | Bidang Ketertiban umum dan ketentraman masyarakat | Seksi Operasi dan pengendalian","1","1","2800000","3500000"
"8a02826391606efe0191609ed81e17ab","Pemerintah Kab. Buru Selatan","CPNS","PUTRA/PUTRI DAERAH TERTINGGAL","POLISI PAMONG PRAJA AHLI PERTAMA","PEMERINTAH KABUPATEN BURU SELATAN | Sekretariat Daerah | Dinas Satuan polisi pamong praja | Bidang Penegakan peraturan perundang-undangan | Seksi Penyelidikan Dan Penyidikan","1","1","2800000","3500000"
"8a02826391606efe0191609f1c4617d5","Pemerintah Kab. Buru Selatan","CPNS","PUTRA/PUTRI DAERAH TERTINGGAL","POLISI PAMONG PRAJA AHLI PERTAMA","PEMERINTAH KABUPATEN BURU SELATAN | Sekretariat Daerah | Dinas Satuan polisi pamong praja | Bidang Perlindungan masyarakat dan pemadam kebakaran | Seksi Perlindungan masyarakat","1","1","2800000","3500000"
"0d701934-2991-4204-a016-5ba63bb2396b","Pemerintah Kab. Buru Selatan","CPNS","UMUM","POLISI PAMONG PRAJA AHLI PERTAMA","PEMERINTAH KABUPATEN BURU SELATAN | Sekretariat Daerah | Dinas Satuan polisi pamong praja | Bidang Ketertiban umum dan ketentraman masyarakat | Seksi Operasi dan pengendalian","3","1","2800000","3500000"
"7cbbd174-78ee-4aca-b203-1a188038b7b0","Pemerintah Kab. Buru Selatan","CPNS","UMUM","POLISI PAMONG PRAJA AHLI PERTAMA","PEMERINTAH KABUPATEN BURU SELATAN | Sekretariat Daerah | Dinas Satuan polisi pamong praja | Bidang Penegakan peraturan perundang-undangan | Seksi Penyelidikan Dan Penyidikan","3","1","2800000","3500000"
"f2a8f8c7-eb3b-4237-8557-99075185de9e","Pemerintah Kab. Buru Selatan","CPNS","UMUM","POLISI PAMONG PRAJA AHLI PERTAMA","PEMERINTAH KABUPATEN BURU SELATAN | Sekretariat Daerah | Dinas Satuan polisi pamong praja | Bidang Perlindungan masyarakat dan pemadam kebakaran | Seksi Perlindungan masyarakat","3","1","2800000","3500000"
"9e0661e8-75d0-4af8-b8e0-5f72c432d58c","Pemerintah Kab. Buru Selatan","CPNS","UMUM","PRANATA HUBUNGAN MASYARAKAT AHLI PERTAMA","PEMERINTAH KABUPATEN BURU SELATAN | Sekretariat Daerah | Dinas Komunikasi dan Informatika | Bidang Manajeman Sistim Informasi Dan Penyelengaraan E-Government","1","1","2800000","3500000"
"6d6df079-41fe-449f-a651-eccde141a89c","Pemerintah Kab. Cirebon","CPNS","UMUM","PENGELOLA PENGADAAN BARANG/JASA AHLI PERTAMA","PEMERINTAH KABUPATEN CIREBON | SEKRETARIAT DAERAH | ASISTEN PEREKONOMIAN DAN PEMBANGUNAN | BAGIAN PENGADAAN BARANG DAN JASA | SUB BAGIAN PENGELOLAAN PENGADAAN BARANG DAN JASA","7","1","2000000","5000000"
"8c3cf530-6d4d-4e6e-82cd-51b1b5109b5b","Pemerintah Kab. Dharmasraya","CPNS","UMUM","PENGEMBANG TEKNOLOGI PEMBELAJARAN AHLI PERTAMA","PEMERINTAH KABUPATEN DHARMASRAYA | DINAS PENDIDIKAN | BIDANG PEMBINAAN PENDIDIKAN DASAR","1","0","2531558","2856018"
"2dc57ebe-39dc-4bc7-a766-76f538305e31","Pemerintah Kab. Ende","CPNS","UMUM","INSTRUKTUR AHLI PERTAMA","Pemerintah Kabupaten Ende | Dinas Transmigrasi Dan Tenaga Kerja | Unit Pelaksana Teknis Daerah Latihan Kerja","1","0","2000000","3000000"
"4cd07d19-4094-4407-883a-a1fe70d4f5ea","Pemerintah Kab. Enrekang","CPNS","UMUM","PENGEMBANG TEKNOLOGI PEMBELAJARAN AHLI PERTAMA","PEMERINTAH KABUPATEN ENREKANG                                          | DINAS PENDIDIKAN DAN KEBUDAYAAN | Bidang Pembinaan dan Pendidikan Dasar","1","1","2785500","3650400"
"7c35c1be-73cf-4b4a-929b-ae7b18e3610d","Pemerintah Kab. Flores Timur","CPNS","UMUM","ANALIS PENGEMBANGAN KOMPETENSI ASN AHLI PERTAMA","Pemerintah Kabupaten Flores Timur | Badan Kepegawaian dan Pengembangan Sumber Daya Manusia Daerah | Bidang Pengembangan Kompetensi Aparatur","1","1","3000000","6000000"
"8a01869291548667019154f4c0ca1a4e","Pemerintah Kab. Flores Timur","CPNS","PENYANDANG DISABILITAS","PENGENDALI KONTEN INTERNET","Pemerintah Kabupaten Flores Timur | Dinas Komunikasi dan Informatika | BIDANG PENYELENGGARAAN E-GOVERNMENT","1","1","3000000","6000000"
"ae967ade-3703-469e-b447-0b2b546d6d84","Pemerintah Kab. Flores Timur","CPNS","UMUM","PENGENDALI KONTEN INTERNET","Pemerintah Kabupaten Flores Timur | Dinas Penanaman Modal dan Pelayanan Terpadu Satu Pintu | Kordinator JF dan Kelompok JF Pelayanan Terpadu Satu Pintu","1","1","3000000","6000000"
"b360a2d2-c9c8-4496-b135-87c1b5f027d9","Pemerintah Kab. Flores Timur","CPNS","UMUM","PENGENDALI KONTEN INTERNET","Pemerintah Kabupaten Flores Timur | Dinas Komunikasi dan Informatika | BIDANG PENYELENGGARAAN E-GOVERNMENT","1","1","3000000","6000000"
"e18d5cd2-d3ad-4a38-8a6c-d263727f784a","Pemerintah Kab. Flores Timur","CPNS","UMUM","PENGENDALI KONTEN INTERNET","Pemerintah Kabupaten Flores Timur | Dinas Pariwisata Dan Kebudayaan | Bidang Pengembangan Produk Wisata","2","1","3000000","6000000"
"11beb8d1-6a2e-4c2a-9d07-f61e09faaa40","Pemerintah Kab. Gresik","CPNS","UMUM","PENGEMBANG TEKNOLOGI PEMBELAJARAN AHLI PERTAMA","Pemerintah Kabupaten Gresik | Dinas Pendidikan","8","0","2780000","3400000"
"2fdacbe2-c110-4474-993b-9ccb04419036","Pemerintah Kab. Grobogan","CPNS","UMUM","PENGEMBANG TEKNOLOGI PEMBELAJARAN AHLI PERTAMA","Pemerintah Kabupaten Grobogan | Dinas Pendidikan | Bidang Pembinaan SD | Seksi Peserta Didik dan Pembangunan Karakter SD","1","0","3000000","4000000"
"ef640bf9-f19c-4532-aef4-76a5a4d97ebe","Pemerintah Kab. Grobogan","CPNS","UMUM","PENGEMBANG TEKNOLOGI PEMBELAJARAN AHLI PERTAMA","Pemerintah Kabupaten Grobogan | Dinas Pendidikan | Bidang Pembinaan SMP | Seksi Peserta Didik dan Pembangunan Karakter SMP","1","0","3000000","4000000"
"3f1778a6-2c0c-45b9-9e70-215baf1658ef","Pemerintah Kab. Gunung Mas","CPNS","UMUM","PENATA KELOLA SISTEM DAN TEKNOLOGI INFORMASI","Pemerintah Kab. Gunung Mas | BADAN PENDAPATAN DAERAH | BIDANG PENGENDALIAN DAN EVALUASI PENDAPATAN DAERAH | SUB BIDANG PENGOLAHAN DATA DAN SISTEM INFORMASI PAJAK DAN RETRIBUSI DAERAH","1","0","2511500","4189900"
"0645f39d-9eba-4cb7-b3f3-a612ee7c279b","Pemerintah Kab. Halmahera Selatan","CPNS","UMUM","PENGEMBANG TEKNOLOGI PEMBELAJARAN AHLI PERTAMA","PEMERINTAH KAB. HALMAHERA SELATAN | DINAS PENDIDIKAN | BIDANG PEMBINAAN PAUD DAN PENDIDIKAN NON FORMAL","1","1","2785700","6373200"
"c4fde10a-cb13-4e16-80a5-e52b7b767411","Pemerintah Kab. Halmahera Selatan","CPNS","UMUM","PENGEMBANG TEKNOLOGI PEMBELAJARAN AHLI PERTAMA","PEMERINTAH KAB. HALMAHERA SELATAN | DINAS PENDIDIKAN | BIDANG PEMBINAAN PENDIDIKAN SMP","1","1","2785700","6373200"
"d2a14f01-2730-4191-a5b6-14e799690b9e","Pemerintah Kab. Halmahera Timur","CPNS","UMUM","PENGEMBANG TEKNOLOGI PEMBELAJARAN AHLI PERTAMA","PEMERINTAH KAB. HALMAHERA TIMUR | DINAS PENDIDIKAN","2","1","2785700","4575200"
"fa24a8e8-991e-4bb1-9e27-bc7311e13bca","Pemerintah Kab. Halmahera Utara","CPNS","UMUM","ANALIS PENGEMBANGAN KOMPETENSI ASN AHLI PERTAMA","PEMERINTAH KABUPATEN HALMAHERA UTARA | BADAN KEPEGAWAIAN DAERAH DAN PENGEMBANGAN SUMBER DAYA APARATUR | BIDANG PENGEMBANGAN SUMBER DAYA APARATUR","1","1","2785700","4575200"
"08bced1e-08f9-4775-b11b-51c1b5406cdb","Pemerintah Kab. Halmahera Utara","CPNS","UMUM","POLISI PAMONG PRAJA AHLI PERTAMA","PEMERINTAH KABUPATEN HALMAHERA UTARA | DINAS SATUAN POLISI PAMONG PRAJA | BIDANG PENEGAKAN PERATURAN DAERAH | SEKSI PEMBINAAN, PENGAWASAN DAN PENYULUHAN","1","0","2785700","4575200"
"17851127-83be-45ad-81ff-0eda2349b26c","Pemerintah Kab. Halmahera Utara","CPNS","UMUM","POLISI PAMONG PRAJA AHLI PERTAMA","PEMERINTAH KABUPATEN HALMAHERA UTARA | DINAS SATUAN POLISI PAMONG PRAJA | BIDANG PERLINDUNGAN MASYARAKAT | SEKSI PELATIHAN DAN MOBILISASI","1","0","2785700","4575200"
"11fef770-fa70-48c7-b68c-60ea14fe3d6c","Pemerintah Kab. Hulu Sungai Tengah","CPNS","UMUM","PENGEMBANG TEKNOLOGI PEMBELAJARAN AHLI PERTAMA","Pemerintah Kabupaten Hulu Sungai Tengah | DINAS PENDIDIKAN | Bidang Pembinaan PAUD dan Pendidikan Masyarakat | Seksi Pendidikan Masyarakat","1","1","2785700","5422378"
"8a03849a9149c64e019149df7cd8128e","Pemerintah Kab. Jember","CPNS","PENYANDANG DISABILITAS","PENGEMBANG TEKNOLOGI PEMBELAJARAN AHLI PERTAMA","PEMERINTAH KABUPATEN JEMBER | DINAS PENDIDIKAN | BIDANG PEMBINAAN SEKOLAH DASAR","1","1","2922900","3513600"
"9464af73-c5df-4266-814e-17e3ca2bb27a","Pemerintah Kab. Jember","CPNS","UMUM","PENGEMBANG TEKNOLOGI PEMBELAJARAN AHLI PERTAMA","PEMERINTAH KABUPATEN JEMBER | DINAS PENDIDIKAN | BIDANG PEMBINAAN SEKOLAH DASAR","1","1","2922900","3513600"
"b4d54c0a-17a9-44af-842e-493c552c73e1","Pemerintah Kab. Jember","CPNS","UMUM","PENGEMBANG TEKNOLOGI PEMBELAJARAN AHLI PERTAMA","PEMERINTAH KABUPATEN JEMBER | DINAS PENDIDIKAN | BIDANG PEMBINAAN SEKOLAH MENENGAH PERTAMA","1","1","2922900","3513600"
"f8688dab-bf33-4e69-9ac7-ab01ef0a5057","Pemerintah Kab. Jember","CPNS","UMUM","PENGEMBANG TEKNOLOGI PEMBELAJARAN AHLI PERTAMA","PEMERINTAH KABUPATEN JEMBER | DINAS PENDIDIKAN | BIDANG PENDIDIKAN ANAK USIA DINI (PAUD) DAN PENDIDIKAN NONFORMAL","1","1","2922900","3513600"
"21de4fbc-4fb5-4abc-9230-7faf983dd146","Pemerintah Kab. Kapuas Hulu","CPNS","UMUM","POLISI PAMONG PRAJA AHLI PERTAMA","Pemerintah Kab. Kapuas hulu | Satuan Polisi Pamong Praja | Bidang Perlindungan Masyarakat","1","1","2785700","3285700"
"8f69bec4-c8c9-4201-9baa-79308abd543b","Pemerintah Kab. Karanganyar","CPNS","UMUM","PENGEMBANG TEKNOLOGI PEMBELAJARAN AHLI PERTAMA","Pemerintah Kabupaten Karanganyar | DINAS PENDIDIKAN DAN KEBUDAYAAN | BIDANG SEKOLAH DASAR | SEKSI PENGEMBANGAN KURIKULUM DAN PENJAMINAN MUTU SEKOLAH DASAR","1","1","2500000","3000000"
"bbb9e013-f74d-4143-9a9a-e8f65eb6d350","Pemerintah Kab. Karanganyar","CPNS","UMUM","PENGEMBANG TEKNOLOGI PEMBELAJARAN AHLI PERTAMA","Pemerintah Kabupaten Karanganyar | DINAS PENDIDIKAN DAN KEBUDAYAAN | BIDANG SEKOLAH MENENGAH PERTAMA | SEKSI PENGEMBANGAN KURIKULUM DAN PENJAMINAN MUTU SEKOLAH MENENGAH PERTAMA","1","1","2500000","3000000"
"099ee3df-e07d-47f8-9058-42364d481a6b","Pemerintah Kab. Kepulauan Anambas","CPNS","UMUM","ARSIPARIS AHLI PERTAMA","PEMERINTAH KABUPATEN KEPULAUAN ANAMBAS | DINAS PENDIDIKAN, PEMUDA DAN OLAHRAGA | SEKRETARIAT DINAS PENDIDIKAN, PEMUDA DAN OLAHRAGA","1","1","2785700","7685700"
"5ee35c74-3b1b-40ef-bbd3-41be431cd0d1","Pemerintah Kab. Kepulauan Anambas","CPNS","UMUM","ARSIPARIS AHLI PERTAMA","PEMERINTAH KABUPATEN KEPULAUAN ANAMBAS | INSPEKTORAT DAERAH | SEKRETARIAT INSPEKTORAT DAERAH","1","1","2785700","7685700"
"63027f38-549f-47cc-a41d-a5b00e45a35f","Pemerintah Kab. Kepulauan Anambas","CPNS","UMUM","ARSIPARIS AHLI PERTAMA","PEMERINTAH KABUPATEN KEPULAUAN ANAMBAS | BADAN PENGELOLAAN KEUANGAN DAN PENDAPATAN DAERAH | SEKRETARIAT BADAN PENGELOLAAN KEUANGAN DAN PENDAPATAN DAERAH","1","1","2785700","7685700"
"b5012459-110b-432a-a87c-e20d45456385","Pemerintah Kab. Kepulauan Anambas","CPNS","UMUM","ARSIPARIS AHLI PERTAMA","PEMERINTAH KABUPATEN KEPULAUAN ANAMBAS | DINAS PARIWISATA DAN KEBUDAYAAN | SEKRETARIAT DINAS PARIWISATA DAN KEBUDAYAAN","1","1","2785700","7685700"
"b889cad1-d0e1-4fe8-ad5f-0ae48b8d51ec","Pemerintah Kab. Kepulauan Anambas","CPNS","UMUM","ARSIPARIS AHLI PERTAMA","PEMERINTAH KABUPATEN KEPULAUAN ANAMBAS | DINAS PERPUSTAKAAN DAN ARSIP DAERAH | SEKRETARIAT DINAS PERPUSTAKAAN DAN ARSIP DAERAH","1","1","2785700","7685700"
"cf5b79c1-7b71-43b2-8ce9-221795abe5b2","Pemerintah Kab. Kepulauan Anambas","CPNS","UMUM","ARSIPARIS AHLI PERTAMA","PEMERINTAH KABUPATEN KEPULAUAN ANAMBAS | DINAS PERHUBUNGAN DAN LINGKUNGAN HIDUP | SEKRETARIAT DINAS PERHUBUNGAN DAN LINGKUNGAN HIDUP","1","1","2785700","7685700"
"a10721f4-c7c5-4afd-9753-159b6f23c45f","Pemerintah Kab. Kepulauan Anambas","CPNS","UMUM","PENATA KEPENDUDUKAN DAN KELUARGA BERENCANA AHLI PERTAMA","PEMERINTAH KABUPATEN KEPULAUAN ANAMBAS | DINAS KESEHATAN, PENGENDALIAN PENDUDUK DAN KELUARGA BERENCANA | BIDANG PENGENDALIAN PENDUDUK DAN KELUARGA BERENCANA","2","1","2785700","7685700"
"0ab6de25-0332-435c-889b-ffb5c8cd7ed2","Pemerintah Kab. Kerinci","CPNS","UMUM","PENATA KELOLA SISTEM DAN TEKNOLOGI INFORMASI","PEMERINTAH KABUPATEN KERINCI | SEKRETARIS DAERAH | DINAS KOPERASI DAN TENAGA KERJA | SEKRETARIAT | SUB BAGIAN UMUM DAN KEPEGAWAIAN","3","0","2785700","5948038"
"586157fd-8c99-4df8-a420-55e247860b37","Pemerintah Kab. Kutai Timur","CPNS","UMUM","PENATA KEPENDUDUKAN DAN KELUARGA BERENCANA AHLI PERTAMA","PEMERINTAH KABUPATEN KUTAI TIMUR                                       | DINAS PENGENDALIAN PENDUDUK DAN KELUARGA BERENCANA | BIDANG KELUARGA BERENCANA","2","1","2785700","9834489"
"5ed4c853-75b0-4865-abab-81bf2d84f840","Pemerintah Kab. Kutai Timur","CPNS","UMUM","PENATA KEPENDUDUKAN DAN KELUARGA BERENCANA AHLI PERTAMA","PEMERINTAH KABUPATEN KUTAI TIMUR                                       | DINAS PENGENDALIAN PENDUDUK DAN KELUARGA BERENCANA | BIDANG PENGENDALIAN PENDUDUK","2","1","2785700","9834489"
"7d7f3b22-3e4e-4ab0-b767-e3cb93b184cb","Pemerintah Kab. Kutai Timur","CPNS","UMUM","PENATA KEPENDUDUKAN DAN KELUARGA BERENCANA AHLI PERTAMA","PEMERINTAH KABUPATEN KUTAI TIMUR                                       | DINAS PENGENDALIAN PENDUDUK DAN KELUARGA BERENCANA | BIDANG PENYULUHAN DAN PENGGERAKAN","2","1","2785700","9834489"
"f77d6001-9fec-4a50-89d2-1cde4a20ecaf","Pemerintah Kab. Kutai Timur","CPNS","UMUM","PENATA KEPENDUDUKAN DAN KELUARGA BERENCANA AHLI PERTAMA","PEMERINTAH KABUPATEN KUTAI TIMUR                                       | DINAS PENGENDALIAN PENDUDUK DAN KELUARGA BERENCANA | BIDANG KETAHANAN DAN KESEJAHTERAAN KELUARGA","2","1","2785700","9834489"
"e5f9cdd6-652b-421d-9088-453c12b57c6c","Pemerintah Kab. Kutai Timur","CPNS","UMUM","PENGELOLA PENGADAAN BARANG/JASA AHLI PERTAMA","PEMERINTAH KABUPATEN KUTAI TIMUR                                       | SEKRETARIAT DAERAH | ASISTEN PEREKONOMIAN DAN PEMBANGUNAN | BAGIAN PENGADAAN BARANG DAN JASA","5","1","2785700","9834489"
"16943f4e-2887-4ccc-96b7-07d882f8450a","Pemerintah Kab. Kutai Timur","CPNS","UMUM","PENGEMBANG TEKNOLOGI PEMBELAJARAN AHLI PERTAMA","PEMERINTAH KABUPATEN KUTAI TIMUR                                       | DINAS PENDIDIKAN DAN KEBUDAYAAN | BIDANG PENDIDIKAN SEKOLAH DASAR","2","1","2785700","9834489"
"404daa03-c073-4208-bf8b-40cd8f8b019c","Pemerintah Kab. Kutai Timur","CPNS","UMUM","PENGEMBANG TEKNOLOGI PEMBELAJARAN AHLI PERTAMA","PEMERINTAH KABUPATEN KUTAI TIMUR                                       | DINAS PENDIDIKAN DAN KEBUDAYAAN | BIDANG PEMBINAAN PENDIDIKAN ANAK USIA DINI DAN PENDIDIKAN NON FORMAL","1","1","2785700","9834489"
"aaba9d24-61b6-4fff-b4d5-7d6be1389f94","Pemerintah Kab. Kutai Timur","CPNS","UMUM","PENGEMBANG TEKNOLOGI PEMBELAJARAN AHLI PERTAMA","PEMERINTAH KABUPATEN KUTAI TIMUR                                       | DINAS PENDIDIKAN DAN KEBUDAYAAN | BIDANG PENDIDIKAN SEKOLAH MENENGAH PERTAMA","2","1","2785700","9834489"
"cee5256d-5000-4b7e-87a4-b6a14bcb1732","Pemerintah Kab. Kutai Timur","CPNS","UMUM","PRANATA HUBUNGAN MASYARAKAT AHLI PERTAMA","PEMERINTAH KABUPATEN KUTAI TIMUR                                       | SEKRETARIAT DAERAH | ASSISTEN ADMINISTRASI UMUM | BAGIAN PROTOKOL DAN KOMUNIKASI PIMPINAN","2","1","2785700","9834489"
"0f798664-8620-469c-bead-49d21f5f4f41","Pemerintah Kab. Lahat","CPNS","UMUM","ANALIS KEBIJAKAN AHLI PERTAMA","PEMERINTAH KABUPATEN LAHAT | DINAS PENDIDIKAN DAN KEBUDAYAAN | BIDANG PEMBINAAN SEKOLAH DASAR","2","1","2785700","3285700"
"16e279b2-e879-4936-9cd7-b969cfdf6648","Pemerintah Kab. Lahat","CPNS","UMUM","ANALIS KEBIJAKAN AHLI PERTAMA","PEMERINTAH KABUPATEN LAHAT | DINAS PENDIDIKAN DAN KEBUDAYAAN | BIDANG PEMBINAAN SEKOLAH MENENGAH PERTAMA","2","1","2785700","3285700"
"8a969656-3319-40a2-a9b5-6413b1a5e687","Pemerintah Kab. Lamongan","CPNS","UMUM","PENGEMBANG TEKNOLOGI PEMBELAJARAN AHLI PERTAMA","PEMERINTAH KABUPATEN LAMONGAN | DINAS PENDIDIKAN | SEKRETARIAT | SUB BAGIAN PERENCANAAN DAN EVALUASI","3","1","3000000","4500000"
"aabe176f-f456-4ef7-9fd9-fcd0adc071f5","Pemerintah Kab. Lebong","CPNS","UMUM","PENGEMBANG TEKNOLOGI PEMBELAJARAN AHLI PERTAMA","PEMERINTAH KABUPATEN LEBONG | DINAS PENDIDIKAN DAN KEBUDAYAAN | BIDANG PEMBINAAN DAN PENDIDIKAN","3","1","2785700","4575200"
"1411532b-31b6-41c5-9800-3651ed8c3fa4","Pemerintah Kab. Luwu Timur","CPNS","UMUM","PENATA KELOLA SISTEM DAN TEKNOLOGI INFORMASI","PEMERINTAH KABUPATEN LUWU TIMUR | DINAS PENDIDIKAN DAN KEBUDAYAAN | SEKRETARIS DINAS | SUB BAGIAN UMUM DAN KEPEGAWAIAN","1","1","3000000","4000000"
"a980478d-6be8-4051-8eb9-f9e3f132ff7c","Pemerintah Kab. Luwu Timur","CPNS","UMUM","PENATA KELOLA SISTEM DAN TEKNOLOGI INFORMASI","PEMERINTAH KABUPATEN LUWU TIMUR | DINAS PENDIDIKAN DAN KEBUDAYAAN | SEKRETARIS DINAS | SUB BAGIAN KEUANGAN","1","1","3000000","4000000"
"bd6a8f0c-e5f3-492c-952c-1a6858268195","Pemerintah Kab. Luwu Timur","CPNS","UMUM","PENGEMBANG BUKU ELEKTRONIK","PEMERINTAH KABUPATEN LUWU TIMUR | DINAS PERPUSTAKAAN DAN KEARSIPAN | BIDANG PERPUSTAKAAN","1","1","3000000","4000000"
"c16c348a-83a9-4ffd-9e0f-4b95da44a6d1","Pemerintah Kab. Magelang","CPNS","UMUM","ARSIPARIS AHLI PERTAMA","PEMERINTAH KABUPATEN MAGELANG | SEKRETARIAT DAERAH | ASISTEN ADMINISTRASI UMUM | BAGIAN UMUM | JABATAN FUNGSIONAL","1","1","2500000","2900000"
"626fa5a5-5f7f-4b05-a720-9c5a9fa64799","Pemerintah Kab. Magetan","CPNS","UMUM","PENATA KELOLA SISTEM DAN TEKNOLOGI INFORMASI","PEMERINTAH KABUPATEN MAGETAN | DINAS PENDIDIKAN, KEPEMUDAAN DAN OLAHRAGA KABUPATEN MAGETAN | BIDANG PENDIDIK DAN TENAGA KEPENDIDIKAN | SEKSI PEMBINAAN PENDIDIK DAN TENAGA KEPENDIDIKAN SEKOLAH DASAR","1","0","2785700","4785700"
"44b44eb0-05b3-44b1-a132-1128c0d532bb","Pemerintah Kab. Merangin","CPNS","UMUM","ANALIS PENGEMBANGAN KOMPETENSI ASN AHLI PERTAMA","BUPATI MERANGIN | BADAN KEPEGAWAIAN DAN PENGEMBANGAN SUMBER DAYA MANUSIA DAERAH | BIDANG PENGEMBANGAN DAN SUMBERDAYA MANUSIA","2","1","2785700","5373234"
"33059ea8-533d-482e-a320-f0e3b954ac5b","Pemerintah Kab. Merangin","CPNS","LULUSAN TERBAIK","PERENCANA AHLI PERTAMA","BUPATI MERANGIN | BADAN PERENCANAAN PEMBANGUNAN DAERAH | BIDANG PEMERINTAHAN DAN PEMBANGUNAN MANUSIA","1","1","2785700","5373234"
"57c8c06e-e47e-496e-ab34-6bf4ff6656df","Pemerintah Kab. Muara Enim","CPNS","UMUM","PENGEMBANG TEKNOLOGI PEMBELAJARAN AHLI PERTAMA","PEMERINTAH KABUPATEN MUARA ENIM | DINAS PENDIDIKAN DAN KEBUDAYAAN","1","1","2785700","3175698"
"c9ca0d4f-b43c-40b4-980d-549c6d1e2954","Pemerintah Kab. Muara Enim","CPNS","UMUM","PERENCANA AHLI PERTAMA","PEMERINTAH KABUPATEN MUARA ENIM | DINAS PENDIDIKAN DAN KEBUDAYAAN","1","1","2785700","3175698"
"ed6518aa-1224-427a-84b2-9f3341111aba","Pemerintah Kab. Muna Barat","CPNS","UMUM","PENGEMBANG TEKNOLOGI PEMBELAJARAN AHLI PERTAMA","PEMERINTAH KABUPATEN MUNA BARAT | DINAS PENDIDIKAN DAN KEBUDAYAAN | BIDANG PENDIDIKAN DASAR | SEKSI KURIKULUM DAN PENILAIAN","2","1","3461020","5126784"
"b5c63669-c7d5-48d0-88ea-e43d4803196f","Pemerintah Kab. Nagan Raya","CPNS","UMUM","ANALIS PENGEMBANGAN KOMPETENSI ASN AHLI PERTAMA","PEMERINTAH KABUPATEN NAGAN RAYA | BADAN KEPEGAWAIAN DAN PENGEMBANGAN SUMBER DAYA MANUSIA | BIDANG PERENCANAAN, PENGEMBANGAN SUMBER DAYA MANUSIA DAN DIKLAT","1","1","3500000","4000000"
"8a0186c9915938690191593edeaa0534","Pemerintah Kab. Ngawi","CPNS","PENYANDANG DISABILITAS","PENGEMBANG BUKU ELEKTRONIK","Kabupaten Ngawi | Dinas Perpustakaan dan Kearsipan | Bidang Perpustakaan","1","1","2785700","5180700"
"b67e0651-564a-4ddc-afe6-9356bed36679","Pemerintah Kab. Ngawi","CPNS","UMUM","PENGEMBANG BUKU ELEKTRONIK","Kabupaten Ngawi | Dinas Perpustakaan dan Kearsipan | Bidang Perpustakaan","1","1","2785700","5180700"
"98e85a3d-a385-4a1e-9a8d-d2badb0d111f","Pemerintah Kab. Nias","CPNS","UMUM","PERENCANA AHLI PERTAMA","PEMERINTAH KABUPATEN NIAS | DINAS PENDIDIKAN","4","1","1685700","6373200"
"791f3135-6771-4765-bf6f-ee6e942e3d9f","Pemerintah Kab. Nunukan","CPNS","UMUM","PENGEMBANG TEKNOLOGI PEMBELAJARAN AHLI PERTAMA","PEMERINTAH KABUPATEN NUNUKAN                                           | DINAS PENDIDIKAN","1","1","2579400","5000000"
"038b6eb3-af04-41e6-ab82-900628ed6f23","Pemerintah Kab. Ogan Ilir","CPNS","UMUM","PENGEMBANG TEKNOLOGI PEMBELAJARAN AHLI PERTAMA","Pemerintah Kabupaten Ogan Ilir | Dinas Pendidikan dan Kebudayaan | Bidang Guru dan Tenaga Kependidikan","1","1","3284564","3799983"
"7ee2ca9c-9b7f-4fb0-ac23-e295ebc3e835","Pemerintah Kab. Ogan Komering Ulu Timur","CPNS","UMUM","ARSIPARIS AHLI PERTAMA","Pemerintah Kabupaten Ogan Komering Ulu Timur | Dinas Perpustakaan dan Kearsipan","1","1","2785700","3865698"
"00b6f42f-d681-43f6-91f8-041e2f031575","Pemerintah Kab. Ogan Komering Ulu Timur","CPNS","UMUM","POLISI PAMONG PRAJA AHLI PERTAMA","Pemerintah Kabupaten Ogan Komering Ulu Timur | Satuan Polisi Pamong Praja | Bidang Pembinaan Masyarakat dan Sumber Daya Aparatur | Seksi Pembinaan Sumber Daya Aparatur","3","1","2785700","3865698"
"18184d05-0be8-4080-b0fc-f748bd7262b7","Pemerintah Kab. Ogan Komering Ulu Timur","CPNS","UMUM","POLISI PAMONG PRAJA AHLI PERTAMA","Pemerintah Kabupaten Ogan Komering Ulu Timur | Satuan Polisi Pamong Praja | Bidang Penegakan Peraturan Daerah | Seksi Penegakan","3","1","2785700","3865698"
"528385eb-a575-4123-9585-6cbbf3a24b4c","Pemerintah Kab. Ogan Komering Ulu Timur","CPNS","UMUM","POLISI PAMONG PRAJA AHLI PERTAMA","Pemerintah Kabupaten Ogan Komering Ulu Timur | Satuan Polisi Pamong Praja | Bidang Ketertiban Umum dan Ketenteraman Masyarakat | Seksi Operasi dan Pengendalian","3","1","2785700","3865698"
"779a9925-77be-4fb5-89c3-b2923850a3a6","Pemerintah Kab. Ogan Komering Ulu Timur","CPNS","UMUM","POLISI PAMONG PRAJA AHLI PERTAMA","Pemerintah Kabupaten Ogan Komering Ulu Timur | Satuan Polisi Pamong Praja | Bidang Ketertiban Umum dan Ketenteraman Masyarakat | Seksi Ketertiban Umum","3","1","2785700","3865698"
"d0e47e15-53d7-4f3d-8271-e09062c91c01","Pemerintah Kab. Ogan Komering Ulu Timur","CPNS","UMUM","POLISI PAMONG PRAJA AHLI PERTAMA","Pemerintah Kabupaten Ogan Komering Ulu Timur | Satuan Polisi Pamong Praja | Bidang Penegakan Peraturan Daerah | Seksi Hubungan Antar Lembaga","3","1","2785700","3865698"
"d38ff5d5-d595-48d8-b34b-1e0e779ebd7f","Pemerintah Kab. Ogan Komering Ulu Timur","CPNS","UMUM","POLISI PAMONG PRAJA AHLI PERTAMA","Pemerintah Kabupaten Ogan Komering Ulu Timur | Satuan Polisi Pamong Praja | Bidang Perlindungan Masyarakat | Seksi Bimbingan Penyuluhan dan Pelatihan","3","1","2785700","3865698"
"f1839d53-2d77-4f27-8379-50b562ac3405","Pemerintah Kab. Ogan Komering Ulu Timur","CPNS","UMUM","POLISI PAMONG PRAJA AHLI PERTAMA","Pemerintah Kabupaten Ogan Komering Ulu Timur | Satuan Polisi Pamong Praja | Bidang Pembinaan Masyarakat dan Sumber Daya Aparatur | Seksi Pembinaan Masyarakat dan Fasilitasi Kerjasama","3","1","2785700","3865698"
"f99665db-2de2-40e7-aede-024119a5500e","Pemerintah Kab. Ogan Komering Ulu Timur","CPNS","UMUM","POLISI PAMONG PRAJA AHLI PERTAMA","Pemerintah Kabupaten Ogan Komering Ulu Timur | Satuan Polisi Pamong Praja | Bidang Perlindungan Masyarakat | Seksi Kewaspadaan Dini, Data dan Informasi","3","1","2785700","3865698"
"0fa8724b-aa8f-4f54-b976-5c3b271bfeb6","Pemerintah Kab. Pelalawan","CPNS","UMUM","ARSIPARIS AHLI PERTAMA","PEMERINTAH KABUPATEN PELALAWAN                                         | DINAS KEARSIPAN DAN PERPUSTAKAAN | BIDANG PEMBINAAN ARSIP","1","1","2785700","3600000"
"acd4cc6c-2b80-4591-af6f-3e75bf745ed1","Pemerintah Kab. Pemalang","CPNS","UMUM","PENGEMBANG TEKNOLOGI PEMBELAJARAN AHLI PERTAMA","Pemerintah Kabupaten Pemalang | Dinas Pendidikan dan Kebudayaan | Bidang Pembinaan Pendidikan Dasar | Seksi Sekolah Dasar","1","1","2300000","2800000"
"f5cdecb7-d239-4023-bfc0-a4d043dfb6e4","Pemerintah Kab. Pemalang","CPNS","UMUM","PENGEMBANG TEKNOLOGI PEMBELAJARAN AHLI PERTAMA","Pemerintah Kabupaten Pemalang | Dinas Pendidikan dan Kebudayaan | Bidang Pembinaan Pendidikan Dasar | Seksi Sekolah Menengah Pertama","1","1","2300000","2800000"
"3376c19a-1048-43fe-b264-bf9db48e40b1","Pemerintah Kab. Pidie Jaya","CPNS","UMUM","ANALIS KEBIJAKAN AHLI PERTAMA","PEMERINTAH KABUPATEN PIDIE JAYA | DINAS PENDIDIKAN DAN KEBUDAYAAN","1","1","2785000","3700000"
"718581d4-994a-4b4a-8ad0-842d139008a2","Pemerintah Kab. Pulang Pisau","CPNS","UMUM","PENGEMBANG TEKNOLOGI PEMBELAJARAN AHLI PERTAMA","PEMERINTAH KAB. PULANG PISAU | SEKRETARIAT DAERAH | DINAS PENDIDIKAN","2","1","2785700","5000000"
"3b0a4147-c0d1-4f3c-ad81-9dd6c17d0209","Pemerintah Kab. Rote Ndao","CPNS","UMUM","PENGEMBANG TEKNOLOGI PEMBELAJARAN AHLI PERTAMA","PEMERINTAH KABUPATEN ROTE NDAO | DINAS PENDIDIKAN, KEPEMUDAAN DAN OLAHRAGA | Bidang Guru dan Tenaga Kependidikan","1","1","2000000","3000000"
"fabcf94b-f2c3-4a29-940f-710df543910a","Pemerintah Kab. Rote Ndao","CPNS","UMUM","PENGEMBANG TEKNOLOGI PEMBELAJARAN AHLI PERTAMA","PEMERINTAH KABUPATEN ROTE NDAO | DINAS PENDIDIKAN, KEPEMUDAAN DAN OLAHRAGA | Bidang Pendidikan dan Pengajaran","2","1","2000000","3000000"
"31040801-db34-48ab-a95f-40ddbdb2f83d","Pemerintah Kab. Sanggau","CPNS","UMUM","PENGEMBANG TEKNOLOGI PEMBELAJARAN AHLI PERTAMA","PEMERINTAH KABUPATEN SANGGAU | DINAS PENDIDIKAN DAN KEBUDAYAAN KAB. SANGGAU | BIDANG PEMBINAAN PENDIDIKAN SMP","1","1","3500000","4500000"
"6a65b5dc-fac7-401c-9c46-4d4674012ff3","Pemerintah Kab. Sanggau","CPNS","UMUM","PENGEMBANG TEKNOLOGI PEMBELAJARAN AHLI PERTAMA","PEMERINTAH KABUPATEN SANGGAU | DINAS PENDIDIKAN DAN KEBUDAYAAN KAB. SANGGAU | BIDANG PEMBINAAN PENDIDIKAN SD","1","1","3500000","4500000"
"9c4d90ed-fa43-46a4-95b4-4bdaeb0e871a","Pemerintah Kab. Sanggau","CPNS","UMUM","PENGEMBANG TEKNOLOGI PEMBELAJARAN AHLI PERTAMA","PEMERINTAH KABUPATEN SANGGAU | DINAS PENDIDIKAN DAN KEBUDAYAAN KAB. SANGGAU | BIDANG PEMBINAAN PENDIDIKAN ANAK USIA DINI DAN PENDIDIKAN NONFORMAL","1","1","3500000","4500000"
"6c2cd882-d0fa-4944-bbeb-e99fee11305e","Pemerintah Kab. Sanggau","CPNS","UMUM","SURVEYOR PEMETAAN AHLI PERTAMA","PEMERINTAH KABUPATEN SANGGAU | DINAS PERUMAHAN RAKYAT, KAWASAN PERMUKIMAN, DAN PERTANAHAN KABUPATEN SANGGAU | BIDANG PERTANAHAN","1","1","3500000","4500000"
"b48c9f9b-256a-4d31-aaa2-8290f1b715e3","Pemerintah Kab. Sarolangun","CPNS","UMUM","PENGEMBANG TEKNOLOGI PEMBELAJARAN AHLI PERTAMA","PEMERINTAH KABUPATEN SAROLANGUN | DINAS PENDIDIKAN DAN KEBUDAYAAN","2","1","2785700","3917812"
"80ce56a7-9351-489f-aa55-d971f7652774","Pemerintah Kab. Seluma","CPNS","UMUM","PENGEMBANG TEKNOLOGI PEMBELAJARAN AHLI PERTAMA","PEMERINTAH KABUPATEN SELUMA | DINAS PENDIDIKAN DAN KEBUDAYAAN | BIDANG PENDIDIKAN SEKOLAH DASAR","6","0","3200000","5000000"
"265e7f82-3979-43da-9dd2-a367bc4b35bd","Pemerintah Kab. Sidenreng Rappang","CPNS","UMUM","PENGELOLA PENGADAAN BARANG/JASA AHLI PERTAMA","Pemerintah Kabupaten Sidenreng Rappang | Sekretariat Daerah | Asisten Perekonomian Dan Pembangunan | Bagian Pengadaan Barang / Jasa","3","0","3043200","3650400"
"ff0296bc-af89-481e-a581-2875b4f2c873","Pemerintah Kab. Sidenreng Rappang","CPNS","UMUM","PENGEMBANG TEKNOLOGI PEMBELAJARAN AHLI PERTAMA","Pemerintah Kabupaten Sidenreng Rappang | Dinas Pendidikan dan Kebudayaan | Bidang  Pembinaan Pendidikan Dasar","2","0","3043200","3650400"
"69bc07a9-52e5-4092-b353-e20948fbb6a2","Pemerintah Kab. Sikka","CPNS","UMUM","PENGEMBANG TEKNOLOGI PEMBELAJARAN AHLI PERTAMA","PEMERINTAH KABUPATEN SIKKA | DINAS PENDIDIKAN, KEPEMUDAAN DAN OLAHRAGA KABUPATEN SIKKA | BIDANG  KETENAGAAN","1","0","2785700","4575200"
"1acf9f49-d582-4282-a22c-8dd5049dcffb","Pemerintah Kab. Sintang","CPNS","UMUM","PENGEMBANG TEKNOLOGI PEMBELAJARAN AHLI PERTAMA","PEMERINTAH KABUPATEN SINTANG | DINAS PENDIDIKAN DAN KEBUDAYAAN | BIDANG PEMBINAAN SEKOLAH MENENGAH PERTAMA | SEKSI KURIKULUM DAN PENILAIAN SEKOLAH MENENGAH PERTAMA","1","0","2787700","4575200"
"e308caec-39a8-4536-8cf3-0ebfbb90ae84","Pemerintah Kab. Subang","CPNS","UMUM","PENGEMBANG TEKNOLOGI PEMBELAJARAN AHLI PERTAMA","Pemerintah Kabupaten Subang | Dinas Pendidikan dan Kebudayaan | Bidang Pembinaan Ketenagaan Pendidik dan Tenaga Kependidikan Disdikbud","1","1","3200000","4000000"
"0c055aaf-dcd3-43f6-bc23-5d0aaa956ac0","Pemerintah Kab. Sukoharjo","CPNS","UMUM","PENGEMBANG TEKNOLOGI PEMBELAJARAN AHLI PERTAMA","PEMERINTAH KABUPATEN SUKOHARJO | DINAS PENDIDIKAN DAN KEBUDAYAAN | BIDANG PEMBINAAN PAUD DAN PENDIDIKAN NON FORMAL","1","1","4000000","4500000"
"81750b31-79ed-408a-a51c-8d131b36e8f4","Pemerintah Kab. Sumba Barat","CPNS","UMUM","PENGEMBANG BUKU ELEKTRONIK","PEMERINTAH KABUPATEN SUMBA BARAT | DINAS PARIWISATA, EKONOMI KREATIF DAN KEBUDAYAAN | BIDANG KEBUDAYAAN","1","0","2785700","4575200"
"91ad433b-7b9c-48d0-8300-33bb1ca91a80","Pemerintah Kab. Sumba Barat Daya","CPNS","UMUM","PENGEMBANG TEKNOLOGI PEMBELAJARAN AHLI PERTAMA","PEMERINTAH KABUPATEN SUMBA BARAT DAYA | Dinas Pendidikan Dan Kebudayaan | Bidang Pengelolaan Sekolah Dasar","2","0","3300000","5000000"
"d45e1303-edc8-4d48-8da7-45e83375ba9d","Pemerintah Kab. Sumba Barat Daya","CPNS","UMUM","PENGEMBANG TEKNOLOGI PEMBELAJARAN AHLI PERTAMA","PEMERINTAH KABUPATEN SUMBA BARAT DAYA | Dinas Pendidikan Dan Kebudayaan | Bidang Pengelolaan Sekolah Dasar | Seksi Kurikulum dan Peningkatan Mutu","1","0","3300000","5000000"
"8311e768-4230-4cf5-aa5b-5504a402cc1d","Pemerintah Kab. Sumba Barat Daya","CPNS","UMUM","POLISI PAMONG PRAJA AHLI PERTAMA","PEMERINTAH KABUPATEN SUMBA BARAT DAYA | SATUAN POLISI PAMONG PRAJA | BIDANG PERLINDUNGAN MASYARAKAT","5","1","3300000","5000000"
"2b54989d-6f38-418c-9b20-8947bd6ba9da","Pemerintah Kab. Sumba Timur","CPNS","UMUM","PENATA KEPENDUDUKAN DAN KELUARGA BERENCANA AHLI PERTAMA","PEMERINTAH KABUPATEN SUMBA TIMUR | DINAS PEMBERDAYAAN PEREMPUAN, PERLINDUNGAN ANAK, PENGENDALIAN PENDUDUK DAN KELUARGA BERENCANA","2","1","2700000","4500000"
"ef3b6f23-e793-4001-9542-b38e6a773735","Pemerintah Kab. Sumba Timur","CPNS","UMUM","PENGEMBANG TEKNOLOGI PEMBELAJARAN AHLI PERTAMA","PEMERINTAH KABUPATEN SUMBA TIMUR | DINAS PENDIDIKAN, KEPEMUDAAN DAN OLAHRAGA","3","1","2700000","4500000"
"885b62e7-1726-49aa-961d-1f161a9cdc22","Pemerintah Kab. Sumba Timur","CPNS","UMUM","POLISI PAMONG PRAJA AHLI PERTAMA","PEMERINTAH KABUPATEN SUMBA TIMUR | SATUAN POLISI PAMONG PRAJA","3","0","2700000","4500000"
"1fefdcc3-c26f-46cb-b0fd-7860cb1e4ffb","Pemerintah Kab. Tanjung Jabung Timur","CPNS","UMUM","PENGELOLA PENGADAAN BARANG/JASA AHLI PERTAMA","PEMERINTAH KABUPATEN TANJUNG JABUNG TIMUR | SEKRETARIAT DAERAH | ASISTEN PEREKONOMIAN DAN PEMBANGUNAN | BAGIAN PENGADAAN BARANG DAN JASA","1","0","2000000","5000000"
"6039e098-d080-4612-8a20-bf8208af9cb5","Pemerintah Kab. Tanjung Jabung Timur","CPNS","UMUM","POLISI PAMONG PRAJA AHLI PERTAMA","PEMERINTAH KABUPATEN TANJUNG JABUNG TIMUR | SATUAN POLISI PAMONG PRAJA DAN PEMADAM KEBAKARAN","5","0","2000000","5000000"
"caa9342a-0bb7-4d4b-b6f9-577436585ac6","Pemerintah Kab. Tapanuli Selatan","CPNS","UMUM","ANALIS PENGEMBANGAN KOMPETENSI ASN AHLI PERTAMA","Pemerintah Kabupaten Tapanuli Selatan | BADAN KEPEGAWAIAN DAERAH | BIDANG PENGADAAN DAN PENGEMBANGAN INFORMASI PEGAWAI","1","1","2785700","5180700"
"2868b047-5995-4f41-a34c-c26fee07ed8a","Pemerintah Kab. Tebo","CPNS","UMUM","PENGGERAK SWADAYA MASYARAKAT AHLI PERTAMA","Pemerintah Kabupaten Tebo | Dinas Sosial, Pemberdayaan Perempuan dan Perlindungan Anak | Bidang Kualitas Hidup Perempuan dan Pemenuhan Hak Anak","1","1","2785700","3465700"
"c0c8023f-e90e-4182-8df8-b76bc8952c17","Pemerintah Kab. Tebo","CPNS","UMUM","PRANATA HUBUNGAN MASYARAKAT AHLI PERTAMA","Pemerintah Kabupaten Tebo | Sekretariat DPRD | Bagian Persidangan dan Perundang-Undangan","1","1","2785700","3465778"
"6eb890a4-bf43-48c2-aa59-9eaade85ba29","Pemerintah Kab. Timor Tengah Selatan","CPNS","UMUM","PENGEMBANG BUKU ELEKTRONIK","PEMERINTAH KABUPATEN TIMOR TENGAH SELATAN | DINAS PENDIDIKAN DAN KEBUDAYAAN | BIDANG PEMBINAAN PAUD DAN PENDIDIKAN NON FORMAL","1","1","2700000","3200000"
"8a0384979144c543019145706a622040","Pemerintah Kab. Timor Tengah Utara","CPNS","PENYANDANG DISABILITAS","ARSIPARIS AHLI PERTAMA","PEMERINTAH KABUPATEN TIMOR TENGAH UTARA | DINAS PERPUSTAKAAN DAN KERARSIPAN | BIDANG PENGELOLAAN ARSIP","1","1","2789000","5000000"
"44e33767-bbc9-4cbd-8781-64c4bd8fd62c","Pemerintah Kab. Timor Tengah Utara","CPNS","UMUM","ARSIPARIS AHLI PERTAMA","PEMERINTAH KABUPATEN TIMOR TENGAH UTARA | DINAS PERPUSTAKAAN DAN KERARSIPAN | BIDANG PENGELOLAAN ARSIP","1","1","2789000","5000000"
"b88ac030-55eb-4046-b277-5171bd816ea9","Pemerintah Kab. Timor Tengah Utara","CPNS","UMUM","POLISI PAMONG PRAJA AHLI PERTAMA","PEMERINTAH KABUPATEN TIMOR TENGAH UTARA | SATUAN POLISI PAMONG PRAJA | BIDANG PENEGAKAN PRODUK HUKUM DAERAH","6","0","2789000","5000000"
"b9492551-3f17-4de6-afc0-3080f7ba3afb","Pemerintah Kab. Wakatobi","CPNS","UMUM","ARSIPARIS AHLI PERTAMA","PEMERINTAH KABUPATEN WAKATOBI | BADAN KEPEGAWAIAN DAN PENGEMBANGAN SUMBER DAYA MANUSIA","1","1","2785700","4575200"
"fd6275c9-7322-45fc-b997-6639cb9594b1","Pemerintah Kab. Wakatobi","CPNS","UMUM","ARSIPARIS AHLI PERTAMA","PEMERINTAH KABUPATEN WAKATOBI | BADAN PERENCANAAN, PENELITIAN DAN PENGEMBANGAN DAERAH","1","1","2785700","4575200"
"8a02826391606efe019165dd39fe2c20","Pemerintah Kab. Wakatobi","CPNS","PENYANDANG DISABILITAS","PENGELOLA PENGADAAN BARANG/JASA AHLI PERTAMA","PEMERINTAH KABUPATEN WAKATOBI | SEKRETARIAT DAERAH | ASISTEN PEREKONOMIAN DAN PEMBANGUNAN | BAGIAN PENGADAAN BARANG/JASA","1","1","2785700","4575200"
"c40bb39f-559c-47f3-8b52-b10eb9e588ef","Pemerintah Kab. Wakatobi","CPNS","UMUM","PENGELOLA PENGADAAN BARANG/JASA AHLI PERTAMA","PEMERINTAH KABUPATEN WAKATOBI | SEKRETARIAT DAERAH | ASISTEN PEREKONOMIAN DAN PEMBANGUNAN | BAGIAN PENGADAAN BARANG/JASA","3","1","2785700","4575200"
"d1ad7a7f-f401-4c58-a612-3dbffc048e0b","Pemerintah Kab. Wakatobi","CPNS","UMUM","PENGEMBANG TEKNOLOGI PEMBELAJARAN AHLI PERTAMA","PEMERINTAH KABUPATEN WAKATOBI | DINAS PENDIDIKAN DAN KEBUDAYAAN | BIDANG PEMBINAAN PENDIDIKAN DASAR","1","1","2785700","4575200"
"44214d52-08d5-42d9-ae33-0f70b02fa4ff","Pemerintah Kab. Wakatobi","CPNS","UMUM","PERENCANA AHLI PERTAMA","PEMERINTAH KABUPATEN WAKATOBI | DINAS PENDIDIKAN DAN KEBUDAYAAN | SEKRETARIS DINAS PENDIDIKAN DAN KEBUDAYAAN","1","1","2785700","4575200"
"7e1ddc6f-8491-454e-bd8e-586dacf0a173","Pemerintah Kab. Wakatobi","CPNS","UMUM","POLISI PAMONG PRAJA AHLI PERTAMA","PEMERINTAH KABUPATEN WAKATOBI | SATUAN POLISI PAMONG PRAJA DAN PEMADAM KEBAKARAN","5","1","2785700","4575200"
"8a0384ba915598f40191588e25de0898","Pemerintah Kota Bontang","CPNS","PENYANDANG DISABILITAS","PENGEMBANG TEKNOLOGI PEMBELAJARAN AHLI PERTAMA","PEMERINTAH KOTA BONTANG | DINAS PENDIDIKAN DAN KEBUDAYAAN | Bidang Pembinaan Paud Dan Pendidikan Non Formal","1","1","7685700","11715700"
"96e7af2d-8995-4297-a35a-529490a82daa","Pemerintah Kota Bontang","CPNS","UMUM","PENGEMBANG TEKNOLOGI PEMBELAJARAN AHLI PERTAMA","PEMERINTAH KOTA BONTANG | DINAS PENDIDIKAN DAN KEBUDAYAAN | Bidang Pembinaan Paud Dan Pendidikan Non Formal","1","1","7685700","11715700"
"55e81ebd-a05d-4adb-984a-a488f1d24118","Pemerintah Kota Cimahi","CPNS","UMUM","PENGEMBANG TEKNOLOGI PEMBELAJARAN AHLI PERTAMA","PEMERINTAH DAERAH KOTA CIMAHI | Dinas Pendidikan","1","1","2785700","4575200"
"8a0186cc9159ace501915a6ab7097c5b","Pemerintah Kota Prabumulih","CPNS","PENYANDANG DISABILITAS","PENGEMBANG TEKNOLOGI PEMBELAJARAN AHLI PERTAMA","PEMERINTAH KOTA PRABUMULIH | DINAS PENDIDIKAN DAN KEBUDAYAAN","1","1","2325600","3325600"
"e1e47602-60a9-4938-8929-cf1413d48bfa","Pemerintah Kota Prabumulih","CPNS","UMUM","PENGEMBANG TEKNOLOGI PEMBELAJARAN AHLI PERTAMA","PEMERINTAH KOTA PRABUMULIH | DINAS PENDIDIKAN DAN KEBUDAYAAN","1","1","2325600","3325600"
"8e12aa6b-a509-4311-b203-40ab858885d2","Pemerintah Kota Serang","CPNS","UMUM","INSTRUKTUR AHLI PERTAMA","Pemerintah Kota Serang | DINAS TENAGA KERJA DAN TRANSMIGRASI","1","1","2485960","3093158"
"43cea258-8d1b-417d-82fc-072743f46cef","Pemerintah Kota Tual","CPNS","UMUM","PENATA KELOLA SISTEM DAN TEKNOLOGI INFORMASI","WALIKOTA TUAL | SEKRETARIAT DAERAH KOTA TUAL | DINAS KOMUNIKASI DAN INFORMATIKA","3","0","2000000","5000000"
"668d252a-fd9c-4a51-bb22-234613253927","Pemerintah Kota Tual","CPNS","UMUM","PENATA KELOLA SISTEM DAN TEKNOLOGI INFORMASI","WALIKOTA TUAL | SEKRETARIAT DAERAH KOTA TUAL | DINAS PENDIDIKAN DAN KEBUDAYAAN | BIDANG PENDIDIKAN DASAR","1","0","2000000","5000000"
"9226748d-3284-42d7-8964-3cf868455ec7","Pemerintah Kota Tual","CPNS","UMUM","PENATA KELOLA SISTEM DAN TEKNOLOGI INFORMASI","WALIKOTA TUAL | SEKRETARIAT DAERAH KOTA TUAL | DINAS PENDIDIKAN DAN KEBUDAYAAN | BIDANG PENINGKATAN MUTU PENDIDIKAN DAN TENAGA PENDIDIKAN","1","0","2000000","5000000"
"99a7c9cc-843b-43ab-a000-e33a3bdae0fe","Pemerintah Provinsi Daerah Khusus Ibukota Jakarta","CPNS","UMUM","ANALIS KEBIJAKAN AHLI PERTAMA","PEMERINTAH PROVINSI DKI JAKARTA | SEKRETARIAT DAERAH | ASISTEN KESEJAHTERAAN RAKYAT | BIRO PENDIDIKAN DAN MENTAL SPIRITUAL | KELOMPOK PENDIDIKAN | SUBKELOMPOK PENDIDIKAN MENENGAH","1","1","7088560","21505700"
"8a03849a9149c64e01914a1d18fa26ce","Pemerintah Provinsi Daerah Khusus Ibukota Jakarta","CPNS","LULUSAN TERBAIK","ANALIS PENGEMBANGAN KOMPETENSI ASN AHLI PERTAMA","PEMERINTAH PROVINSI DKI JAKARTA | BADAN PENGEMBANGAN SUMBER DAYA MANUSIA | BIDANG ANALISIS KEBUTUHAN, PERANCANGAN, PENGEMBANGAN DAN EVALUASI BADAN PENGEMBANGAN SUMBER DAYA MANUSIA | SUBKELOMPOK PERANCANGAN DAN PENGEMBANGAN","1","1","7088560","21505700"
"083477d2-a380-4063-a142-2660301f5c0d","Pemerintah Provinsi Daerah Khusus Ibukota Jakarta","CPNS","UMUM","ANALIS PENGEMBANGAN KOMPETENSI ASN AHLI PERTAMA","PEMERINTAH PROVINSI DKI JAKARTA | BADAN PENGEMBANGAN SUMBER DAYA MANUSIA | UPT PUSAT DATA DAN INFORMASI PENGEMBANGAN SUMBER DAYA MANUSIA | SATUAN PELAKSANA TEKNOLOGI PEMBELAJARAN PEMBELAJARAN","1","1","7088560","21505700"
"50ea6dcc-4709-4a3d-acfc-2bd9e63fe035","Pemerintah Provinsi Daerah Khusus Ibukota Jakarta","CPNS","UMUM","ANALIS PENGEMBANGAN KOMPETENSI ASN AHLI PERTAMA","PEMERINTAH PROVINSI DKI JAKARTA | BADAN PENGEMBANGAN SUMBER DAYA MANUSIA | BIDANG ANALISIS KEBUTUHAN, PERANCANGAN, PENGEMBANGAN DAN EVALUASI BADAN PENGEMBANGAN SUMBER DAYA MANUSIA | SUBKELOMPOK ANALISIS KEBUTUHAN","1","1","7088560","21505700"
"6292f357-816a-4b7c-8de0-d061515b3915","Pemerintah Provinsi Daerah Khusus Ibukota Jakarta","CPNS","UMUM","ANALIS PENGEMBANGAN KOMPETENSI ASN AHLI PERTAMA","PEMERINTAH PROVINSI DKI JAKARTA | BADAN PENGEMBANGAN SUMBER DAYA MANUSIA | BIDANG ANALISIS KEBUTUHAN, PERANCANGAN, PENGEMBANGAN DAN EVALUASI BADAN PENGEMBANGAN SUMBER DAYA MANUSIA | SUBKELOMPOK EVALUASI","1","1","7088560","21505700"
"79620f0b-128a-406a-9dc7-1d92800a0d99","Pemerintah Provinsi Daerah Khusus Ibukota Jakarta","CPNS","UMUM","ANALIS PENGEMBANGAN KOMPETENSI ASN AHLI PERTAMA","PEMERINTAH PROVINSI DKI JAKARTA | BADAN PENGEMBANGAN SUMBER DAYA MANUSIA | BIDANG PENGEMBANGAN KOMPETENSI DASAR, MANAJERIAL DAN FUNGSIONAL BADAN PENGEMBANGAN SUMBER DAYA MANUSIA | SUBKELOMPOK PENGEMBANGAN KOMPETENSI MANAJERIAL","1","1","7088560","21505700"
"a7048f3d-3253-4d50-bc53-8761c7609d6a","Pemerintah Provinsi Daerah Khusus Ibukota Jakarta","CPNS","UMUM","ANALIS PENGEMBANGAN KOMPETENSI ASN AHLI PERTAMA","PEMERINTAH PROVINSI DKI JAKARTA | BADAN PENGEMBANGAN SUMBER DAYA MANUSIA | BIDANG PENJAMINAN MUTU, TUGAS BELAJAR DAN SERTIFIKASI KOMPETENSI | SUBKELOMPOK SERTIFIKASI KOMPETENSI","2","1","7088560","21505700"
"ca34ef44-9089-4f38-95f6-f6dfa69e61a7","Pemerintah Provinsi Daerah Khusus Ibukota Jakarta","CPNS","UMUM","ANALIS PENGEMBANGAN KOMPETENSI ASN AHLI PERTAMA","PEMERINTAH PROVINSI DKI JAKARTA | BADAN PENGEMBANGAN SUMBER DAYA MANUSIA | BIDANG PENGEMBANGAN KOMPETENSI DASAR, MANAJERIAL DAN FUNGSIONAL BADAN PENGEMBANGAN SUMBER DAYA MANUSIA | SUBKELOMPOK PENGEMBANGAN KOMPETENSI FUNGSIONAL","1","1","7088560","21505700"
"f581687f-824a-4489-a44c-70c63f39ee73","Pemerintah Provinsi Daerah Khusus Ibukota Jakarta","CPNS","UMUM","ANALIS PENGEMBANGAN KOMPETENSI ASN AHLI PERTAMA","PEMERINTAH PROVINSI DKI JAKARTA | BADAN PENGEMBANGAN SUMBER DAYA MANUSIA | BIDANG ANALISIS KEBUTUHAN, PERANCANGAN, PENGEMBANGAN DAN EVALUASI BADAN PENGEMBANGAN SUMBER DAYA MANUSIA | SUBKELOMPOK PERANCANGAN DAN PENGEMBANGAN","1","1","7088560","21505700"
"0c41a017-8a62-494e-9fed-10650fe11912","Pemerintah Provinsi Daerah Khusus Ibukota Jakarta","CPNS","UMUM","PENGEMBANG TEKNOLOGI PEMBELAJARAN AHLI PERTAMA","PEMERINTAH PROVINSI DKI JAKARTA | DINAS PENDIDIKAN PROVINSI DKI JAKARTA | PUSAT PELATIHAN DAN PENGEMBANGAN PENDIDIKAN KOTA ADMINISTRASI JAKARTA SELATAN | SATUAN PELAKSANA PELATIHAN DAN PENGEMBANGAN PENDIDIK","1","1","7088560","21505700"
"17942621-f929-4efd-a52f-2a66ad54f207","Pemerintah Provinsi Daerah Khusus Ibukota Jakarta","CPNS","UMUM","PENGEMBANG TEKNOLOGI PEMBELAJARAN AHLI PERTAMA","PEMERINTAH PROVINSI DKI JAKARTA | DINAS PENDIDIKAN PROVINSI DKI JAKARTA | PUSAT PELATIHAN DAN PENGEMBANGAN PENDIDIKAN KOTA ADMINISTRASI JAKARTA PUSAT | SATUAN PELAKSANA PELATIHAN DAN PENGEMBANGAN PENDIDIK","1","1","7088560","21505700"
"754c7d5a-0b35-4753-950f-25a9f21433c7","Pemerintah Provinsi Daerah Khusus Ibukota Jakarta","CPNS","UMUM","PENGEMBANG TEKNOLOGI PEMBELAJARAN AHLI PERTAMA","PEMERINTAH PROVINSI DKI JAKARTA | DINAS PENDIDIKAN PROVINSI DKI JAKARTA | PUSAT PELATIHAN DAN PENGEMBANGAN PENDIDIKAN KOTA ADMINISTRASI JAKARTA TIMUR | SATUAN PELAKSANA PELATIHAN DAN PENGEMBANGAN KOMPETENSI KEJURUAN","1","1","7088560","21505700"
"7888f105-e84f-4e7d-8697-4aaa9bd90233","Pemerintah Provinsi Daerah Khusus Ibukota Jakarta","CPNS","UMUM","PENGEMBANG TEKNOLOGI PEMBELAJARAN AHLI PERTAMA","PEMERINTAH PROVINSI DKI JAKARTA | DINAS PENDIDIKAN PROVINSI DKI JAKARTA | PUSAT PELATIHAN DAN PENGEMBANGAN PENDIDIKAN KOTA ADM. JAKARTA UTARA DAN KAB. ADM. KEP. SERIBU | SATUAN PELAKSANA PELATIHAN DAN PENGEMBANGAN PENDIDIK","1","1","7088560","21505700"
"9448489a-115e-4789-955e-e7662c7ee45a","Pemerintah Provinsi Daerah Khusus Ibukota Jakarta","CPNS","UMUM","PENGEMBANG TEKNOLOGI PEMBELAJARAN AHLI PERTAMA","PEMERINTAH PROVINSI DKI JAKARTA | DINAS PENDIDIKAN PROVINSI DKI JAKARTA | PUSAT PELATIHAN DAN PENGEMBANGAN PENDIDIKAN KOTA ADMINISTRASI JAKARTA TIMUR | SATUAN PELAKSANA PELATIHAN DAN PENGEMBANGAN PENDIDIK","1","1","7088560","21505700"
"b0852add-87a7-43be-a4a0-f55156b15d85","Pemerintah Provinsi Daerah Khusus Ibukota Jakarta","CPNS","UMUM","PENGEMBANG TEKNOLOGI PEMBELAJARAN AHLI PERTAMA","PEMERINTAH PROVINSI DKI JAKARTA | DINAS PENDIDIKAN PROVINSI DKI JAKARTA | PUSAT PELATIHAN DAN PENGEMBANGAN PENDIDIKAN KOTA ADMINISTRASI JAKARTA BARAT | SATUAN PELAKSANA PELATIHAN DAN PENGEMBANGAN KOMPETENSI KEJURUAN","1","1","7088560","21505700"
"ba9c5414-8a8f-4d46-bd70-01717feb57cf","Pemerintah Provinsi Daerah Khusus Ibukota Jakarta","CPNS","UMUM","PENGEMBANG TEKNOLOGI PEMBELAJARAN AHLI PERTAMA","PEMERINTAH PROVINSI DKI JAKARTA | DINAS PENDIDIKAN PROVINSI DKI JAKARTA | PUSAT PELATIHAN DAN PENGEMBANGAN PENDIDIKAN KOTA ADMINISTRASI JAKARTA PUSAT | SATUAN PELAKSANA PELATIHAN DAN PENGEMBANGAN KOMPETENSI KEJURUAN","1","1","7088560","21505700"
"c6d52b51-2d55-43c2-bd86-f17c8d0d7909","Pemerintah Provinsi Daerah Khusus Ibukota Jakarta","CPNS","UMUM","PENGEMBANG TEKNOLOGI PEMBELAJARAN AHLI PERTAMA","PEMERINTAH PROVINSI DKI JAKARTA | BADAN PENGEMBANGAN SUMBER DAYA MANUSIA | BIDANG ANALISIS KEBUTUHAN, PERANCANGAN, PENGEMBANGAN DAN EVALUASI BADAN PENGEMBANGAN SUMBER DAYA MANUSIA | SUBKELOMPOK PERANCANGAN DAN PENGEMBANGAN","1","1","7088560","21505700"
"cfb88933-1fe2-44f5-a001-c47bd7093b4c","Pemerintah Provinsi Daerah Khusus Ibukota Jakarta","CPNS","UMUM","PENGEMBANG TEKNOLOGI PEMBELAJARAN AHLI PERTAMA","PEMERINTAH PROVINSI DKI JAKARTA | DINAS PENDIDIKAN PROVINSI DKI JAKARTA | PUSAT PELATIHAN DAN PENGEMBANGAN PENDIDIKAN KOTA ADMINISTRASI JAKARTA BARAT | SATUAN PELAKSANA PELATIHAN DAN PENGEMBANGAN PENDIDIK","1","1","7088560","21505700"
"d5f32bb8-4b6e-44a1-8562-a33bfd159b01","Pemerintah Provinsi Daerah Khusus Ibukota Jakarta","CPNS","UMUM","PENGEMBANG TEKNOLOGI PEMBELAJARAN AHLI PERTAMA","PEMERINTAH PROVINSI DKI JAKARTA | DINAS PENDIDIKAN PROVINSI DKI JAKARTA | PUSAT PELATIHAN DAN PENGEMBANGAN PENDIDIKAN KOTA ADMINISTRASI JAKARTA SELATAN | SATUAN PELAKSANA PELATIHAN DAN PENGEMBANGAN KOMPETENSI KEJURUAN","1","1","7088560","21505700"
"e2508055-6325-4353-9aa6-1925e3528c6c","Pemerintah Provinsi Daerah Khusus Ibukota Jakarta","CPNS","UMUM","PENGEMBANG TEKNOLOGI PEMBELAJARAN AHLI PERTAMA","PEMERINTAH PROVINSI DKI JAKARTA | DINAS PENDIDIKAN PROVINSI DKI JAKARTA | PUSAT PELATIHAN DAN PENGEMBANGAN PENDIDIKAN KOTA ADM. JAKARTA UTARA DAN KAB. ADM. KEP. SERIBU | SATUAN PELAKSANA PELATIHAN DAN PENGEMBANGAN KOMPETENSI KEJURUAN","1","1","7088560","21505700"
"f11927e3-daff-48eb-94a1-a668a00b8f9d","Pemerintah Provinsi Daerah Khusus Ibukota Jakarta","CPNS","UMUM","PENGEMBANG TEKNOLOGI PEMBELAJARAN AHLI PERTAMA","PEMERINTAH PROVINSI DKI JAKARTA | BADAN PENGEMBANGAN SUMBER DAYA MANUSIA | UPT PUSAT DATA DAN INFORMASI PENGEMBANGAN SUMBER DAYA MANUSIA | SATUAN PELAKSANA TEKNOLOGI PEMBELAJARAN PEMBELAJARAN","1","1","7088560","21505700"
"2051f4af-9b92-4e29-93e5-e3817d90aede","Pemerintah Provinsi Jawa Barat","CPNS","UMUM","PENGEMBANG TEKNOLOGI PEMBELAJARAN AHLI PERTAMA","PEMERINTAH DAERAH PROVINSI JAWA BARAT | DINAS PENDIDIKAN | BALAI TEKNOLOGI INFORMASI DAN KOMUNIKASI PENDIDIKAN","2","0","3000000","5000000"
"940c103f-8668-4f1e-892e-f4c6499323b6","Pemerintah Provinsi Jawa Timur","CPNS","UMUM","PENGEMBANG TEKNOLOGI PEMBELAJARAN AHLI PERTAMA","Pemerintah Provinsi Jawa Timur | Badan Pengembangan Sumber Daya Manusia | Bidang Pengembangan Pengajaran Kompetensi","1","0","5215700","13275700"
"46ab6a60-0ee8-47e5-be11-1ef9fc7aeea6","Pemerintah Provinsi Kalimantan Selatan","CPNS","UMUM","POLISI PAMONG PRAJA AHLI PERTAMA","PEMERINTAH PROVINSI KALIMANTAN SELATAN | SATUAN POLISI PAMONG PRAJA DAN PEMADAM KEBAKARAN | BIDANG KETERTIBAN UMUM DAN KETENTRAMAN MASYARAKAT | SEKSI OPERASIONAL DAN PENGENDALIAN","9","0","2785700","5000000"
"fe6fd72a-14c5-4728-935b-9fdd4b8560f8","Pemerintah Provinsi Lampung","CPNS","UMUM","PENGEMBANG BUKU ELEKTRONIK","PEMERINTAH PROVINSI LAMPUNG | DINAS PERPUSTAKAAN DAN KEARSIPAN | BIDANG DEPOSIT, AKUISISI DAN PENGELOLAAN BAHAN PUSTAKA","3","1","2228560","4228560"
"8a03849f914ed85101914f0913ad45d4","Pemerintah Provinsi Papua Tengah","CPNS","ORANG ASLI PAPUA (OAP)","PENGEMBANG TEKNOLOGI PEMBELAJARAN AHLI PERTAMA","Pemerintah Provinsi Papua Tengah | DINAS PENDIDIKAN DAN KEBUDAYAAN","20","1","3000000","8000000"
"32467d56-dd01-4080-9d5e-39622e7b8472","Pemerintah Provinsi Papua Tengah","CPNS","UMUM (NON OAP)","PENGEMBANG TEKNOLOGI PEMBELAJARAN AHLI PERTAMA","Pemerintah Provinsi Papua Tengah | DINAS PENDIDIKAN DAN KEBUDAYAAN","10","1","3000000","8000000"
"4b22a9b4-ebe2-4f7b-8394-540a60bf3e40","Pemerintah Provinsi Sulawesi Tenggara","CPNS","UMUM","PENATA KELOLA SISTEM DAN TEKNOLOGI INFORMASI","Pemerintah Sulawesi Tenggara | Sekretariat Daerah | Dinas Kepemudaan dan Olahraga | Sekretariat","4","1","3000000","5000000"
"a246b06c-ed0b-4b84-ad57-ea812bcadde5","Pemerintah Provinsi Sumatera Utara","CPNS","UMUM","PENGEMBANG TEKNOLOGI PEMBELAJARAN AHLI PERTAMA","PEMERINTAH PROVINSI SUMATERA UTARA | DINAS KESEHATAN | UNIT PELAKSANA TEKNIS DAERAH PELATIHAN KESEHATAN | SEKSI PELATIHAN FUNGSIONAL.","1","1","2228560","2451416"
"e294ba22-41a6-4136-bc3b-0471de8db884","Pemerintah Provinsi Sumatera Utara","CPNS","UMUM","PENGEMBANG TEKNOLOGI PEMBELAJARAN AHLI PERTAMA","PEMERINTAH PROVINSI SUMATERA UTARA | DINAS KESEHATAN | UNIT PELAKSANA TEKNIS DAERAH PELATIHAN KESEHATAN | SEKSI PELATIHAN MANAJEMEN DAN TEKNIS.","1","1","2228560","2451416"
"01e24516-be08-4ab9-ad57-7720b7867a02","Perpustakaan Nasional RI","CPNS","UMUM","PENGEMBANG TEKNOLOGI PEMBELAJARAN AHLI PERTAMA","PERPUSTAKAAN NASIONAL RI | PUSAT PENDIDIKAN DAN PELATIHAN","2","0","7457120","7791404"
"8a0384b491502874019150d3012530fd","Sekretariat Jenderal DPR RI","CPNS","UMUM","PENGEMBANG TEKNOLOGI PEMBELAJARAN AHLI PERTAMA","SEKRETARIAT JENDERAL | PUSAT PENGEMBANGAN KOMPETENSI SUMBER DAYA MANUSIA LEGISLATIF","4","1","2785700","6644700"
